"ISSUE_DATE","LATITUDE","LONGITUDE","PropType"
"2012-11-27T00:00:00.000Z",38.962872,-77.005712,"Single Family"
"2015-11-18T00:00:00.000Z",38.84239,-76.982083,"Single Family"
"2012-08-09T00:00:00.000Z",38.891191,-76.946969,"Single Family"
"2013-02-13T00:00:00.000Z",38.962513,-77.005639,"Single Family"
"2013-05-23T00:00:00.000Z",38.96314,-77.00574,"Single Family"
"2012-08-22T00:00:00.000Z",38.904018,-76.928356,"Single Family"
"2016-01-19T00:00:00.000Z",38.843467,-76.981337,"Single Family"
"2014-01-10T00:00:00.000Z",38.903856,-76.930485,"Single Family"
"2012-11-26T00:00:00.000Z",38.962874,-77.005558,"Single Family"
"2015-02-02T00:00:00.000Z",38.936418,-76.991522,"Single Family"
"2015-11-19T00:00:00.000Z",38.843013,-76.980698,"Single Family"
"2015-02-02T00:00:00.000Z",38.936406,-76.991469,"Single Family"
"2015-12-23T00:00:00.000Z",38.904531,-76.928335,"Single Family"
"2015-02-02T00:00:00.000Z",38.936414,-76.991409,"Single Family"
"2015-02-02T00:00:00.000Z",38.936399,-76.991358,"Single Family"
"2013-05-23T00:00:00.000Z",38.96314,-77.005673,"Single Family"
"2015-02-02T00:00:00.000Z",38.936405,-76.991301,"Single Family"
"2015-09-04T00:00:00.000Z",38.941391,-76.990829,"Single Family"
"2015-02-02T00:00:00.000Z",38.936391,-76.991247,"Single Family"
"2015-09-30T00:00:00.000Z",38.90413,-76.937658,"Single Family"
"2012-11-27T00:00:00.000Z",38.962871,-77.005396,"Single Family"
"2015-12-29T00:00:00.000Z",38.843228,-76.983002,"Single Family"
"2015-10-28T00:00:00.000Z",38.903981,-76.932917,"Single Family"
"2016-01-05T00:00:00.000Z",38.842732,-76.982858,"Single Family"
"2012-06-21T00:00:00.000Z",38.962511,-77.005442,"Single Family"
"2013-05-23T00:00:00.000Z",38.96314,-77.005619,"Single Family"
"2013-02-01T00:00:00.000Z",38.962868,-77.005236,"Single Family"
"2013-05-23T00:00:00.000Z",38.963141,-77.005556,"Single Family"
"2013-02-01T00:00:00.000Z",38.962871,-77.005076,"Single Family"
"2012-01-10T00:00:00.000Z",38.96251,-77.005255,"Single Family"
"2013-05-23T00:00:00.000Z",38.96314,-77.005485,"Single Family"
"2013-08-27T00:00:00.000Z",38.905168,-76.935801,"Single Family"
"2014-02-05T00:00:00.000Z",38.877628,-76.93365,"Single Family"
"2013-06-25T00:00:00.000Z",38.963138,-77.005397,"Single Family"
"2013-06-25T00:00:00.000Z",38.963138,-77.005323,"Single Family"
"2013-06-25T00:00:00.000Z",38.963137,-77.005265,"Single Family"
"2014-10-16T00:00:00.000Z",38.906214,-76.926711,"Single Family"
"2012-09-07T00:00:00.000Z",38.906577,-76.929445,"Single Family"
"2013-06-25T00:00:00.000Z",38.963137,-77.005202,"Single Family"
"2014-07-08T00:00:00.000Z",38.980552,-77.02891,"Single Family"
"2012-12-27T00:00:00.000Z",38.904146,-76.989483,"Single Family"
"2014-05-28T00:00:00.000Z",38.900651,-76.989558,"Single Family"
"2013-06-25T00:00:00.000Z",38.963134,-77.005129,"Single Family"
"2013-07-31T00:00:00.000Z",38.963358,-77.005342,"Single Family"
"2013-09-09T00:00:00.000Z",38.963328,-77.005014,"Single Family"
"2013-07-31T00:00:00.000Z",38.963409,-77.005336,"Single Family"
"2013-02-19T00:00:00.000Z",38.907963,-77.025206,"Single Family"
"2013-02-19T00:00:00.000Z",38.908014,-77.025208,"Single Family"
"2013-02-19T00:00:00.000Z",38.908046,-77.025205,"Single Family"
"2013-09-09T00:00:00.000Z",38.963376,-77.005026,"Single Family"
"2014-10-21T00:00:00.000Z",38.883883,-76.986992,"Single Family"
"2013-07-31T00:00:00.000Z",38.963458,-77.005334,"Single Family"
"2015-12-03T00:00:00.000Z",38.932002,-76.987035,"Single Family"
"2013-09-09T00:00:00.000Z",38.963427,-77.005022,"Single Family"
"2013-07-31T00:00:00.000Z",38.963504,-77.00533,"Single Family"
"2013-09-09T00:00:00.000Z",38.963481,-77.005022,"Single Family"
"2013-07-31T00:00:00.000Z",38.963587,-77.005349,"Single Family"
"2013-06-12T00:00:00.000Z",38.907203,-77.083148,"Single Family"
"2013-06-12T00:00:00.000Z",38.907278,-77.083094,"Single Family"
"2012-11-13T00:00:00.000Z",38.907347,-77.083043,"Single Family"
"2013-07-31T00:00:00.000Z",38.963642,-77.005349,"Single Family"
"2013-03-20T00:00:00.000Z",38.915,-77.033041,"Single Family"
"2015-05-12T00:00:00.000Z",38.859496,-76.986667,"Single Family"
"2013-07-31T00:00:00.000Z",38.963687,-77.005348,"Single Family"
"2015-05-12T00:00:00.000Z",38.859462,-76.986604,"Single Family"
"2015-05-12T00:00:00.000Z",38.859431,-76.986548,"Single Family"
"2015-05-12T00:00:00.000Z",38.8594,-76.9865,"Single Family"
"2013-11-14T00:00:00.000Z",38.952107,-77.034936,"Single Family"
"2015-02-11T00:00:00.000Z",38.84206,-76.982164,"Single Family"
"2014-06-04T00:00:00.000Z",38.932694,-76.983412,"Single Family"
"2012-03-19T00:00:00.000Z",38.887404,-76.982736,"Single Family"
"2014-06-10T00:00:00.000Z",38.825041,-77.011398,"Single Family"
"2013-09-27T00:00:00.000Z",38.910715,-77.015977,"Single Family"
"2014-06-10T00:00:00.000Z",38.825039,-77.011465,"Single Family"
"2014-03-31T00:00:00.000Z",38.964465,-77.005124,"Single Family"
"2015-04-22T00:00:00.000Z",38.855466,-76.981742,"Single Family"
"2015-04-22T00:00:00.000Z",38.855466,-76.981678,"Single Family"
"2015-04-22T00:00:00.000Z",38.855466,-76.981619,"Single Family"
"2015-04-22T00:00:00.000Z",38.855465,-76.981548,"Single Family"
"2015-04-22T00:00:00.000Z",38.855467,-76.981475,"Single Family"
"2014-03-31T00:00:00.000Z",38.964329,-77.005463,"Single Family"
"2015-04-22T00:00:00.000Z",38.855468,-76.981402,"Single Family"
"2015-04-22T00:00:00.000Z",38.855466,-76.981336,"Single Family"
"2012-12-27T00:00:00.000Z",38.907479,-76.987132,"Single Family"
"2015-04-22T00:00:00.000Z",38.855466,-76.981264,"Single Family"
"2015-04-22T00:00:00.000Z",38.855466,-76.981193,"Single Family"
"2015-02-04T00:00:00.000Z",38.865396,-76.981538,"Single Family"
"2015-04-22T00:00:00.000Z",38.855463,-76.981125,"Single Family"
"2015-02-04T00:00:00.000Z",38.865383,-76.981447,"Single Family"
"2014-03-31T00:00:00.000Z",38.964416,-77.005096,"Single Family"
"2015-04-22T00:00:00.000Z",38.855462,-76.981049,"Single Family"
"2013-09-04T00:00:00.000Z",38.865369,-76.981365,"Single Family"
"2015-04-22T00:00:00.000Z",38.855463,-76.980976,"Single Family"
"2015-01-21T00:00:00.000Z",38.865328,-76.981308,"Single Family"
"2014-03-31T00:00:00.000Z",38.96428,-77.005455,"Single Family"
"2014-03-31T00:00:00.000Z",38.964363,-77.0051,"Single Family"
"2014-03-31T00:00:00.000Z",38.964229,-77.00547,"Single Family"
"2015-08-19T00:00:00.000Z",38.864302,-76.980428,"Single Family"
"2014-03-31T00:00:00.000Z",38.964316,-77.005092,"Single Family"
"2013-03-27T00:00:00.000Z",38.897915,-76.980674,"Single Family"
"2014-03-31T00:00:00.000Z",38.964177,-77.005481,"Single Family"
"2014-10-21T00:00:00.000Z",38.862805,-76.98032,"Single Family"
"2014-03-31T00:00:00.000Z",38.96426,-77.005083,"Single Family"
"2014-03-31T00:00:00.000Z",38.964131,-77.005472,"Single Family"
"2014-03-31T00:00:00.000Z",38.964083,-77.005489,"Single Family"
"2012-06-14T00:00:00.000Z",38.913201,-77.015936,"Single Family"
"2015-10-07T00:00:00.000Z",38.862595,-76.979296,"Single Family"
"2015-12-07T00:00:00.000Z",38.862215,-76.978808,"Single Family"
"2015-08-26T00:00:00.000Z",38.86199,-76.979061,"Single Family"
"2015-12-07T00:00:00.000Z",38.862183,-76.978761,"Single Family"
"2015-08-26T00:00:00.000Z",38.86196,-76.979011,"Single Family"
"2015-12-07T00:00:00.000Z",38.86215,-76.978705,"Single Family"
"2015-08-26T00:00:00.000Z",38.861924,-76.978956,"Single Family"
"2015-12-07T00:00:00.000Z",38.862113,-76.978654,"Single Family"
"2015-08-26T00:00:00.000Z",38.861886,-76.978896,"Single Family"
"2015-12-07T00:00:00.000Z",38.862077,-76.978602,"Single Family"
"2013-03-12T00:00:00.000Z",38.855402,-76.978584,"Single Family"
"2013-03-12T00:00:00.000Z",38.855401,-76.978503,"Single Family"
"2015-01-20T00:00:00.000Z",38.914998,-77.083897,"Single Family"
"2014-12-04T00:00:00.000Z",38.914998,-77.08415,"Single Family"
"2013-03-12T00:00:00.000Z",38.855399,-76.978393,"Single Family"
"2013-03-12T00:00:00.000Z",38.8554,-76.978317,"Single Family"
"2013-01-09T00:00:00.000Z",38.914912,-77.084382,"Single Family"
"2012-08-14T00:00:00.000Z",38.912449,-76.985387,"Single Family"
"2012-08-14T00:00:00.000Z",38.91251,-76.985426,"Single Family"
"2012-08-14T00:00:00.000Z",38.912558,-76.985455,"Single Family"
"2014-08-04T00:00:00.000Z",38.863403,-76.975887,"Single Family"
"2014-08-04T00:00:00.000Z",38.863343,-76.975739,"Single Family"
"2013-10-21T00:00:00.000Z",38.913492,-77.090298,"Single Family"
"2014-08-04T00:00:00.000Z",38.863269,-76.975595,"Single Family"
"2014-08-04T00:00:00.000Z",38.863188,-76.975427,"Single Family"
"2012-10-26T00:00:00.000Z",38.912922,-76.985672,"Single Family"
"2012-10-26T00:00:00.000Z",38.912965,-76.985698,"Single Family"
"2012-10-26T00:00:00.000Z",38.91302,-76.985732,"Single Family"
"2012-10-26T00:00:00.000Z",38.913075,-76.985761,"Single Family"
"2012-10-26T00:00:00.000Z",38.913138,-76.985796,"Single Family"
"2012-10-26T00:00:00.000Z",38.913105,-76.986147,"Single Family"
"2012-10-26T00:00:00.000Z",38.913152,-76.98617,"Single Family"
"2012-10-26T00:00:00.000Z",38.913199,-76.98619,"Single Family"
"2015-12-10T00:00:00.000Z",38.914908,-77.085243,"Single Family"
"2014-01-22T00:00:00.000Z",38.915525,-77.085185,"Single Family"
"2013-11-13T00:00:00.000Z",38.915677,-77.0854,"Single Family"
"2015-05-21T00:00:00.000Z",38.915915,-77.06957,"Single Family"
"2012-12-06T00:00:00.000Z",38.915219,-77.085597,"Single Family"
"2014-02-28T00:00:00.000Z",38.916271,-77.085253,"Single Family"
"2012-11-20T00:00:00.000Z",38.915907,-77.085138,"Single Family"
"2013-06-25T00:00:00.000Z",38.916386,-77.084716,"Single Family"
"2013-05-06T00:00:00.000Z",38.916092,-77.084596,"Single Family"
"2013-08-07T00:00:00.000Z",38.915805,-77.084361,"Single Family"
"2012-11-20T00:00:00.000Z",38.915556,-77.084114,"Single Family"
"2013-04-01T00:00:00.000Z",38.915634,-77.084734,"Single Family"
"2013-01-29T00:00:00.000Z",38.915382,-77.084377,"Single Family"
"2013-11-06T00:00:00.000Z",38.915318,-77.084605,"Single Family"
"2014-02-11T00:00:00.000Z",38.964771,-77.005167,"Single Family"
"2014-08-01T00:00:00.000Z",38.917197,-77.09398,"Single Family"
"2014-11-07T00:00:00.000Z",38.924749,-76.97578,"Single Family"
"2014-06-19T00:00:00.000Z",38.917343,-77.093994,"Single Family"
"2013-06-21T00:00:00.000Z",38.917344,-77.026243,"Single Family"
"2014-06-19T00:00:00.000Z",38.917506,-77.094007,"Single Family"
"2013-04-12T00:00:00.000Z",38.941232,-77.045383,"Single Family"
"2015-07-29T00:00:00.000Z",38.924296,-76.975181,"Single Family"
"2013-09-09T00:00:00.000Z",38.963646,-77.005045,"Single Family"
"2014-02-11T00:00:00.000Z",38.964794,-77.005002,"Single Family"
"2013-09-09T00:00:00.000Z",38.963642,-77.004982,"Single Family"
"2015-11-03T00:00:00.000Z",38.92471,-76.974405,"Single Family"
"2014-02-11T00:00:00.000Z",38.964833,-77.004857,"Single Family"
"2014-03-31T00:00:00.000Z",38.964499,-77.004518,"Single Family"
"2013-09-09T00:00:00.000Z",38.963645,-77.004928,"Single Family"
"2014-02-11T00:00:00.000Z",38.964833,-77.004705,"Single Family"
"2014-03-31T00:00:00.000Z",38.964502,-77.004444,"Single Family"
"2013-09-09T00:00:00.000Z",38.963645,-77.004861,"Single Family"
"2014-02-11T00:00:00.000Z",38.964836,-77.004559,"Single Family"
"2014-03-31T00:00:00.000Z",38.964502,-77.004387,"Single Family"
"2013-09-09T00:00:00.000Z",38.963646,-77.004802,"Single Family"
"2015-12-03T00:00:00.000Z",38.888742,-76.93627,"Single Family"
"2014-02-11T00:00:00.000Z",38.964862,-77.004418,"Single Family"
"2014-05-28T00:00:00.000Z",38.917841,-77.088429,"Single Family"
"2015-09-01T00:00:00.000Z",38.918198,-77.088448,"Single Family"
"2015-08-06T00:00:00.000Z",38.918357,-77.088453,"Single Family"
"2014-03-31T00:00:00.000Z",38.964509,-77.004322,"Single Family"
"2013-09-09T00:00:00.000Z",38.963642,-77.004731,"Single Family"
"2014-02-11T00:00:00.000Z",38.964884,-77.004269,"Single Family"
"2014-03-31T00:00:00.000Z",38.964509,-77.004257,"Single Family"
"2014-02-11T00:00:00.000Z",38.964903,-77.004126,"Single Family"
"2014-03-31T00:00:00.000Z",38.964514,-77.004174,"Single Family"
"2014-04-08T00:00:00.000Z",38.964931,-77.003975,"Single Family"
"2014-03-31T00:00:00.000Z",38.964518,-77.00412,"Single Family"
"2014-03-31T00:00:00.000Z",38.96454,-77.004055,"Single Family"
"2014-03-31T00:00:00.000Z",38.964541,-77.003998,"Single Family"
"2015-06-03T00:00:00.000Z",38.968842,-77.015603,"Single Family"
"2015-04-02T00:00:00.000Z",38.863911,-76.987192,"Single Family"
"2015-04-02T00:00:00.000Z",38.863836,-76.987216,"Single Family"
"2015-12-03T00:00:00.000Z",38.888679,-76.936254,"Single Family"
"2012-02-07T00:00:00.000Z",38.921149,-77.095786,"Single Family"
"2012-02-09T00:00:00.000Z",38.92129,-77.095855,"Single Family"
"2014-05-09T00:00:00.000Z",38.922297,-77.095281,"Single Family"
"2014-08-07T00:00:00.000Z",38.922328,-76.955401,"Single Family"
"2014-08-22T00:00:00.000Z",38.922272,-76.955462,"Single Family"
"2014-08-07T00:00:00.000Z",38.92221,-76.955524,"Single Family"
"2014-08-07T00:00:00.000Z",38.922146,-76.955589,"Single Family"
"2014-08-07T00:00:00.000Z",38.922099,-76.95564,"Single Family"
"2014-08-21T00:00:00.000Z",38.922037,-76.955705,"Single Family"
"2014-08-07T00:00:00.000Z",38.92199,-76.955758,"Single Family"
"2014-04-01T00:00:00.000Z",38.924686,-76.971601,"Single Family"
"2014-08-07T00:00:00.000Z",38.921922,-76.955831,"Single Family"
"2014-06-12T00:00:00.000Z",38.92215,-76.955997,"Single Family"
"2014-06-12T00:00:00.000Z",38.922202,-76.955934,"Single Family"
"2014-06-12T00:00:00.000Z",38.922261,-76.955876,"Single Family"
"2012-07-11T00:00:00.000Z",38.92539,-76.971089,"Single Family"
"2014-06-12T00:00:00.000Z",38.922312,-76.955809,"Single Family"
"2014-06-12T00:00:00.000Z",38.922362,-76.955751,"Single Family"
"2014-06-12T00:00:00.000Z",38.922419,-76.955688,"Single Family"
"2014-06-12T00:00:00.000Z",38.922473,-76.955633,"Single Family"
"2014-04-30T00:00:00.000Z",38.922698,-76.955938,"Single Family"
"2014-04-30T00:00:00.000Z",38.922641,-76.956006,"Single Family"
"2014-04-30T00:00:00.000Z",38.922577,-76.956064,"Single Family"
"2014-04-30T00:00:00.000Z",38.922519,-76.956119,"Single Family"
"2014-04-30T00:00:00.000Z",38.922466,-76.956175,"Single Family"
"2014-04-30T00:00:00.000Z",38.92241,-76.956238,"Single Family"
"2014-04-30T00:00:00.000Z",38.922359,-76.9563,"Single Family"
"2014-05-01T00:00:00.000Z",38.922293,-76.956353,"Single Family"
"2014-03-28T00:00:00.000Z",38.922463,-76.956585,"Single Family"
"2014-03-28T00:00:00.000Z",38.922519,-76.956527,"Single Family"
"2014-03-28T00:00:00.000Z",38.922577,-76.956459,"Single Family"
"2014-03-28T00:00:00.000Z",38.922685,-76.956324,"Single Family"
"2014-03-28T00:00:00.000Z",38.922735,-76.956271,"Single Family"
"2014-03-28T00:00:00.000Z",38.922792,-76.956216,"Single Family"
"2014-03-28T00:00:00.000Z",38.922845,-76.956146,"Single Family"
"2015-04-07T00:00:00.000Z",38.922886,-76.956394,"Single Family"
"2015-03-31T00:00:00.000Z",38.922932,-76.956451,"Single Family"
"2015-03-31T00:00:00.000Z",38.922964,-76.956514,"Single Family"
"2015-03-31T00:00:00.000Z",38.923005,-76.956562,"Single Family"
"2015-03-31T00:00:00.000Z",38.923048,-76.956618,"Single Family"
"2015-03-31T00:00:00.000Z",38.923092,-76.956678,"Single Family"
"2015-12-03T00:00:00.000Z",38.888632,-76.936239,"Single Family"
"2015-02-12T00:00:00.000Z",38.923175,-76.956813,"Single Family"
"2013-11-04T00:00:00.000Z",38.922753,-76.953878,"Single Family"
"2014-11-25T00:00:00.000Z",38.923355,-76.956514,"Single Family"
"2013-09-25T00:00:00.000Z",38.922741,-76.953311,"Single Family"
"2015-02-12T00:00:00.000Z",38.923231,-76.956827,"Single Family"
"2013-11-04T00:00:00.000Z",38.922803,-76.953878,"Single Family"
"2014-12-03T00:00:00.000Z",38.9234,-76.956477,"Single Family"
"2013-09-25T00:00:00.000Z",38.922795,-76.953316,"Single Family"
"2015-02-10T00:00:00.000Z",38.923277,-76.956837,"Single Family"
"2013-11-04T00:00:00.000Z",38.922847,-76.953868,"Single Family"
"2014-11-25T00:00:00.000Z",38.923426,-76.956434,"Single Family"
"2013-09-25T00:00:00.000Z",38.922839,-76.953321,"Single Family"
"2015-02-12T00:00:00.000Z",38.92332,-76.956847,"Single Family"
"2013-11-04T00:00:00.000Z",38.92288,-76.953881,"Single Family"
"2014-11-25T00:00:00.000Z",38.923456,-76.956393,"Single Family"
"2012-03-02T00:00:00.000Z",38.923834,-77.089335,"Single Family"
"2013-09-25T00:00:00.000Z",38.92288,-76.953328,"Single Family"
"2015-02-12T00:00:00.000Z",38.923369,-76.956856,"Single Family"
"2013-11-04T00:00:00.000Z",38.922924,-76.953881,"Single Family"
"2014-11-25T00:00:00.000Z",38.92349,-76.956354,"Single Family"
"2013-09-25T00:00:00.000Z",38.922926,-76.95333,"Single Family"
"2015-02-10T00:00:00.000Z",38.923418,-76.956861,"Single Family"
"2013-11-04T00:00:00.000Z",38.922961,-76.953881,"Single Family"
"2014-11-25T00:00:00.000Z",38.923517,-76.956306,"Single Family"
"2013-09-25T00:00:00.000Z",38.922965,-76.95333,"Single Family"
"2015-02-12T00:00:00.000Z",38.923472,-76.956873,"Single Family"
"2013-11-04T00:00:00.000Z",38.923009,-76.953878,"Single Family"
"2014-12-03T00:00:00.000Z",38.923552,-76.956267,"Single Family"
"2013-09-25T00:00:00.000Z",38.923009,-76.953345,"Single Family"
"2013-11-04T00:00:00.000Z",38.923055,-76.953876,"Single Family"
"2014-11-25T00:00:00.000Z",38.923582,-76.95623,"Single Family"
"2013-09-25T00:00:00.000Z",38.923051,-76.953345,"Single Family"
"2015-04-10T00:00:00.000Z",38.923577,-76.956809,"Single Family"
"2015-04-10T00:00:00.000Z",38.923622,-76.956751,"Single Family"
"2013-10-16T00:00:00.000Z",38.923289,-76.9539,"Single Family"
"2015-01-09T00:00:00.000Z",38.923641,-76.956169,"Single Family"
"2013-06-10T00:00:00.000Z",38.92329,-76.953357,"Single Family"
"2015-04-10T00:00:00.000Z",38.923672,-76.956688,"Single Family"
"2013-10-16T00:00:00.000Z",38.923354,-76.953915,"Single Family"
"2015-01-09T00:00:00.000Z",38.923674,-76.956114,"Single Family"
"2013-06-10T00:00:00.000Z",38.923362,-76.953345,"Single Family"
"2015-04-10T00:00:00.000Z",38.923727,-76.956637,"Single Family"
"2013-10-11T00:00:00.000Z",38.923423,-76.953932,"Single Family"
"2015-01-09T00:00:00.000Z",38.923707,-76.956082,"Single Family"
"2013-06-10T00:00:00.000Z",38.923412,-76.95333,"Single Family"
"2013-10-16T00:00:00.000Z",38.923479,-76.953944,"Single Family"
"2015-01-09T00:00:00.000Z",38.923747,-76.956049,"Single Family"
"2013-06-10T00:00:00.000Z",38.923475,-76.953315,"Single Family"
"2015-04-14T00:00:00.000Z",38.923812,-76.956531,"Single Family"
"2013-10-10T00:00:00.000Z",38.923549,-76.953957,"Single Family"
"2015-01-09T00:00:00.000Z",38.923784,-76.956006,"Single Family"
"2013-06-10T00:00:00.000Z",38.923552,-76.953295,"Single Family"
"2015-04-14T00:00:00.000Z",38.923857,-76.956488,"Single Family"
"2015-01-09T00:00:00.000Z",38.923813,-76.955971,"Single Family"
"2015-04-14T00:00:00.000Z",38.9239,-76.956418,"Single Family"
"2015-01-09T00:00:00.000Z",38.923844,-76.955927,"Single Family"
"2015-04-14T00:00:00.000Z",38.923953,-76.956357,"Single Family"
"2015-01-09T00:00:00.000Z",38.923876,-76.955886,"Single Family"
"2015-04-24T00:00:00.000Z",38.924,-76.956295,"Single Family"
"2015-01-23T00:00:00.000Z",38.923942,-76.95581,"Single Family"
"2015-04-14T00:00:00.000Z",38.924134,-76.956184,"Single Family"
"2015-01-23T00:00:00.000Z",38.923978,-76.955771,"Single Family"
"2015-04-29T00:00:00.000Z",38.924189,-76.956138,"Single Family"
"2015-01-23T00:00:00.000Z",38.92401,-76.955725,"Single Family"
"2015-04-29T00:00:00.000Z",38.924237,-76.956078,"Single Family"
"2015-01-23T00:00:00.000Z",38.924042,-76.955684,"Single Family"
"2015-04-29T00:00:00.000Z",38.924294,-76.956018,"Single Family"
"2015-01-23T00:00:00.000Z",38.924068,-76.955648,"Single Family"
"2015-04-29T00:00:00.000Z",38.924355,-76.95595,"Single Family"
"2015-01-23T00:00:00.000Z",38.924112,-76.955609,"Single Family"
"2015-04-22T00:00:00.000Z",38.85566,-76.981961,"Single Family"
"2015-04-22T00:00:00.000Z",38.855607,-76.981963,"Single Family"
"2015-04-22T00:00:00.000Z",38.855554,-76.981959,"Single Family"
"2015-04-22T00:00:00.000Z",38.855496,-76.981957,"Single Family"
"2015-04-22T00:00:00.000Z",38.855445,-76.981957,"Single Family"
"2015-04-22T00:00:00.000Z",38.855384,-76.981959,"Single Family"
"2015-04-22T00:00:00.000Z",38.855328,-76.981961,"Single Family"
"2014-01-17T00:00:00.000Z",38.922371,-77.06,"Single Family"
"2013-07-26T00:00:00.000Z",38.858241,-76.992952,"Multi Family"
"2013-07-26T00:00:00.000Z",38.858053,-76.993045,"Multi Family"
"2013-07-26T00:00:00.000Z",38.857552,-76.993143,"Multi Family"
"2013-07-26T00:00:00.000Z",38.857019,-76.993225,"Multi Family"
"2013-07-26T00:00:00.000Z",38.856661,-76.992929,"Multi Family"
"2013-07-26T00:00:00.000Z",38.85644,-76.993213,"Multi Family"
"2013-07-26T00:00:00.000Z",38.856113,-76.992843,"Multi Family"
"2013-07-26T00:00:00.000Z",38.855912,-76.993134,"Multi Family"
"2016-01-04T00:00:00.000Z",38.950657,-77.056619,"Single Family"
"2015-08-06T00:00:00.000Z",38.926607,-77.099022,"Single Family"
"2013-08-14T00:00:00.000Z",38.9267,-77.098843,"Single Family"
"2013-11-27T00:00:00.000Z",38.926906,-77.098854,"Single Family"
"2013-01-25T00:00:00.000Z",38.926313,-76.999676,"Single Family"
"2013-01-25T00:00:00.000Z",38.926364,-76.999676,"Single Family"
"2013-01-25T00:00:00.000Z",38.926507,-76.999637,"Single Family"
"2013-01-25T00:00:00.000Z",38.926507,-76.9997,"Single Family"
"2013-01-25T00:00:00.000Z",38.926507,-76.999757,"Single Family"
"2013-01-25T00:00:00.000Z",38.926507,-76.999806,"Single Family"
"2013-01-09T00:00:00.000Z",38.926505,-76.999342,"Single Family"
"2013-01-25T00:00:00.000Z",38.926507,-76.999859,"Single Family"
"2013-01-09T00:00:00.000Z",38.926556,-76.999342,"Single Family"
"2013-01-25T00:00:00.000Z",38.926507,-76.999919,"Single Family"
"2013-01-09T00:00:00.000Z",38.926599,-76.999342,"Single Family"
"2013-01-25T00:00:00.000Z",38.926507,-76.999984,"Single Family"
"2013-01-09T00:00:00.000Z",38.926637,-76.999342,"Single Family"
"2012-07-02T00:00:00.000Z",38.931519,-76.965302,"Single Family"
"2013-01-25T00:00:00.000Z",38.926699,-76.999624,"Single Family"
"2013-01-09T00:00:00.000Z",38.926686,-76.999345,"Single Family"
"2013-01-25T00:00:00.000Z",38.926699,-76.999684,"Single Family"
"2013-01-09T00:00:00.000Z",38.926733,-76.999345,"Single Family"
"2013-01-25T00:00:00.000Z",38.926699,-76.999739,"Single Family"
"2013-01-09T00:00:00.000Z",38.926776,-76.999345,"Single Family"
"2013-01-25T00:00:00.000Z",38.926699,-76.999786,"Single Family"
"2013-01-09T00:00:00.000Z",38.926815,-76.999345,"Single Family"
"2013-01-25T00:00:00.000Z",38.926699,-76.999841,"Single Family"
"2013-01-09T00:00:00.000Z",38.926855,-76.999342,"Single Family"
"2013-01-25T00:00:00.000Z",38.926699,-76.999893,"Single Family"
"2013-01-09T00:00:00.000Z",38.9269,-76.999342,"Single Family"
"2013-01-25T00:00:00.000Z",38.926699,-76.999948,"Single Family"
"2013-01-09T00:00:00.000Z",38.926947,-76.999342,"Single Family"
"2013-01-25T00:00:00.000Z",38.926699,-76.999997,"Single Family"
"2013-01-02T00:00:00.000Z",38.927029,-76.999232,"Single Family"
"2013-01-25T00:00:00.000Z",38.926699,-77.000047,"Single Family"
"2013-01-02T00:00:00.000Z",38.927029,-76.999167,"Single Family"
"2013-01-25T00:00:00.000Z",38.926699,-77.000101,"Single Family"
"2013-01-02T00:00:00.000Z",38.927029,-76.999107,"Single Family"
"2013-01-25T00:00:00.000Z",38.926884,-76.999621,"Single Family"
"2013-01-02T00:00:00.000Z",38.927029,-76.999057,"Single Family"
"2013-03-29T00:00:00.000Z",38.893423,-76.920342,"Single Family"
"2013-01-25T00:00:00.000Z",38.926884,-76.999689,"Single Family"
"2013-01-02T00:00:00.000Z",38.927029,-76.999005,"Single Family"
"2013-01-25T00:00:00.000Z",38.926884,-76.999747,"Single Family"
"2012-12-27T00:00:00.000Z",38.927029,-76.998945,"Single Family"
"2013-01-25T00:00:00.000Z",38.926884,-76.999809,"Single Family"
"2012-12-14T00:00:00.000Z",38.927029,-76.998854,"Single Family"
"2013-01-25T00:00:00.000Z",38.926884,-76.999872,"Single Family"
"2012-12-14T00:00:00.000Z",38.927029,-76.998796,"Single Family"
"2013-01-25T00:00:00.000Z",38.926884,-76.999927,"Single Family"
"2012-12-14T00:00:00.000Z",38.927029,-76.998744,"Single Family"
"2013-01-25T00:00:00.000Z",38.926884,-76.999976,"Single Family"
"2012-12-14T00:00:00.000Z",38.927031,-76.998697,"Single Family"
"2013-01-25T00:00:00.000Z",38.926884,-77.000031,"Single Family"
"2012-12-14T00:00:00.000Z",38.927033,-76.998637,"Single Family"
"2013-01-25T00:00:00.000Z",38.926884,-77.000096,"Single Family"
"2012-12-14T00:00:00.000Z",38.927029,-76.998575,"Single Family"
"2013-01-02T00:00:00.000Z",38.926621,-76.999105,"Single Family"
"2013-01-02T00:00:00.000Z",38.926674,-76.99911,"Single Family"
"2013-01-02T00:00:00.000Z",38.926717,-76.99911,"Single Family"
"2013-01-02T00:00:00.000Z",38.926758,-76.99911,"Single Family"
"2013-01-02T00:00:00.000Z",38.926796,-76.99911,"Single Family"
"2013-01-02T00:00:00.000Z",38.926833,-76.99911,"Single Family"
"2013-01-02T00:00:00.000Z",38.92688,-76.99911,"Single Family"
"2012-12-14T00:00:00.000Z",38.926847,-76.998948,"Single Family"
"2012-12-14T00:00:00.000Z",38.926847,-76.998885,"Single Family"
"2012-12-14T00:00:00.000Z",38.926847,-76.99883,"Single Family"
"2012-12-14T00:00:00.000Z",38.926847,-76.998781,"Single Family"
"2012-12-14T00:00:00.000Z",38.926847,-76.998674,"Single Family"
"2012-12-14T00:00:00.000Z",38.926847,-76.998734,"Single Family"
"2013-03-29T00:00:00.000Z",38.893541,-76.920331,"Single Family"
"2012-08-30T00:00:00.000Z",38.927076,-76.998303,"Single Family"
"2012-10-10T00:00:00.000Z",38.927105,-76.99826,"Single Family"
"2012-08-30T00:00:00.000Z",38.927126,-76.998207,"Single Family"
"2012-08-30T00:00:00.000Z",38.927152,-76.998157,"Single Family"
"2012-08-30T00:00:00.000Z",38.927177,-76.998103,"Single Family"
"2012-08-30T00:00:00.000Z",38.927214,-76.998026,"Single Family"
"2012-08-30T00:00:00.000Z",38.927235,-76.997978,"Single Family"
"2012-08-30T00:00:00.000Z",38.927258,-76.997927,"Single Family"
"2012-08-30T00:00:00.000Z",38.927281,-76.997877,"Single Family"
"2012-08-30T00:00:00.000Z",38.927305,-76.997831,"Single Family"
"2012-08-30T00:00:00.000Z",38.927328,-76.997784,"Single Family"
"2014-12-02T00:00:00.000Z",38.928228,-77.084981,"Single Family"
"2012-08-30T00:00:00.000Z",38.927352,-76.997731,"Single Family"
"2012-08-30T00:00:00.000Z",38.927378,-76.997683,"Single Family"
"2013-10-08T00:00:00.000Z",38.928418,-77.08712,"Single Family"
"2013-07-26T00:00:00.000Z",38.928507,-77.09322,"Single Family"
"2012-09-25T00:00:00.000Z",38.928831,-77.093281,"Single Family"
"2012-12-03T00:00:00.000Z",38.929104,-77.093298,"Single Family"
"2013-03-29T00:00:00.000Z",38.893581,-76.920289,"Single Family"
"2012-09-24T00:00:00.000Z",38.929229,-76.96722,"Single Family"
"2014-10-09T00:00:00.000Z",38.929125,-77.087728,"Single Family"
"2012-07-20T00:00:00.000Z",38.927624,-76.997619,"Single Family"
"2012-07-20T00:00:00.000Z",38.927624,-76.997562,"Single Family"
"2012-07-20T00:00:00.000Z",38.927623,-76.99751,"Single Family"
"2012-07-20T00:00:00.000Z",38.927624,-76.997449,"Single Family"
"2012-07-20T00:00:00.000Z",38.927623,-76.997402,"Single Family"
"2012-07-20T00:00:00.000Z",38.927624,-76.99735,"Single Family"
"2012-07-20T00:00:00.000Z",38.927801,-76.997614,"Single Family"
"2012-07-20T00:00:00.000Z",38.9278,-76.997547,"Single Family"
"2012-07-20T00:00:00.000Z",38.927803,-76.997496,"Single Family"
"2012-07-20T00:00:00.000Z",38.927804,-76.997429,"Single Family"
"2012-06-14T00:00:00.000Z",38.927997,-76.99761,"Single Family"
"2012-07-11T00:00:00.000Z",38.927996,-76.997556,"Single Family"
"2012-06-14T00:00:00.000Z",38.927995,-76.997494,"Single Family"
"2012-06-14T00:00:00.000Z",38.927997,-76.997439,"Single Family"
"2013-07-19T00:00:00.000Z",38.931252,-77.095819,"Single Family"
"2012-06-14T00:00:00.000Z",38.927997,-76.997374,"Single Family"
"2014-04-10T00:00:00.000Z",38.976708,-77.054529,"Single Family"
"2012-05-31T00:00:00.000Z",38.928173,-76.997613,"Single Family"
"2012-05-31T00:00:00.000Z",38.928175,-76.997558,"Single Family"
"2012-09-12T00:00:00.000Z",38.933297,-77.061254,"Single Family"
"2012-05-31T00:00:00.000Z",38.928175,-76.997495,"Single Family"
"2012-09-12T00:00:00.000Z",38.933297,-77.06149,"Single Family"
"2012-05-31T00:00:00.000Z",38.928173,-76.997437,"Single Family"
"2015-06-05T00:00:00.000Z",38.905476,-77.015554,"Single Family"
"2012-05-31T00:00:00.000Z",38.928174,-76.997373,"Single Family"
"2012-05-22T00:00:00.000Z",38.92837,-76.997611,"Single Family"
"2013-04-24T00:00:00.000Z",38.976954,-77.054901,"Single Family"
"2012-05-22T00:00:00.000Z",38.92837,-76.997551,"Single Family"
"2012-05-22T00:00:00.000Z",38.928368,-76.997493,"Single Family"
"2012-05-22T00:00:00.000Z",38.928367,-76.99743,"Single Family"
"2012-05-22T00:00:00.000Z",38.928369,-76.997371,"Single Family"
"2013-06-21T00:00:00.000Z",38.931273,-77.096485,"Single Family"
"2012-05-10T00:00:00.000Z",38.928538,-76.997612,"Single Family"
"2012-05-10T00:00:00.000Z",38.928538,-76.997547,"Single Family"
"2012-05-11T00:00:00.000Z",38.928537,-76.997429,"Single Family"
"2013-06-21T00:00:00.000Z",38.931491,-77.096393,"Single Family"
"2012-05-10T00:00:00.000Z",38.928536,-76.997376,"Single Family"
"2012-05-10T00:00:00.000Z",38.928741,-76.997612,"Single Family"
"2012-05-10T00:00:00.000Z",38.928743,-76.997434,"Single Family"
"2015-09-24T00:00:00.000Z",38.936914,-77.064727,"Single Family"
"2012-05-10T00:00:00.000Z",38.928745,-76.997372,"Single Family"
"2014-02-21T00:00:00.000Z",38.927349,-77.061804,"Single Family"
"2016-01-20T00:00:00.000Z",38.926932,-76.959524,"Single Family"
"2016-01-14T00:00:00.000Z",38.926868,-76.959557,"Single Family"
"2016-01-20T00:00:00.000Z",38.926812,-76.95958,"Single Family"
"2016-01-14T00:00:00.000Z",38.926762,-76.959602,"Single Family"
"2016-01-20T00:00:00.000Z",38.926713,-76.95964,"Single Family"
"2016-01-14T00:00:00.000Z",38.92666,-76.959652,"Single Family"
"2016-01-14T00:00:00.000Z",38.926596,-76.959684,"Single Family"
"2015-12-18T00:00:00.000Z",38.869129,-76.962418,"Single Family"
"2016-01-14T00:00:00.000Z",38.926507,-76.959718,"Single Family"
"2016-01-14T00:00:00.000Z",38.926436,-76.959746,"Single Family"
"2016-01-20T00:00:00.000Z",38.926383,-76.959762,"Single Family"
"2016-01-14T00:00:00.000Z",38.926332,-76.959785,"Single Family"
"2016-01-20T00:00:00.000Z",38.92628,-76.959798,"Single Family"
"2016-01-21T00:00:00.000Z",38.926225,-76.959822,"Single Family"
"2016-01-20T00:00:00.000Z",38.926159,-76.959856,"Single Family"
"2013-02-27T00:00:00.000Z",38.869197,-76.961666,"Single Family"
"2016-01-13T00:00:00.000Z",38.926052,-76.959892,"Single Family"
"2016-01-13T00:00:00.000Z",38.925976,-76.959918,"Single Family"
"2016-01-13T00:00:00.000Z",38.925922,-76.959929,"Single Family"
"2016-01-13T00:00:00.000Z",38.925864,-76.959945,"Single Family"
"2016-01-13T00:00:00.000Z",38.925821,-76.959964,"Single Family"
"2016-01-13T00:00:00.000Z",38.925758,-76.959967,"Single Family"
"2016-01-13T00:00:00.000Z",38.925705,-76.959986,"Single Family"
"2016-01-13T00:00:00.000Z",38.925635,-76.959998,"Single Family"
"2015-09-04T00:00:00.000Z",38.925678,-76.960347,"Single Family"
"2015-09-04T00:00:00.000Z",38.925606,-76.960344,"Single Family"
"2015-09-04T00:00:00.000Z",38.925543,-76.960365,"Single Family"
"2015-09-04T00:00:00.000Z",38.92548,-76.960398,"Single Family"
"2015-09-04T00:00:00.000Z",38.925415,-76.960407,"Single Family"
"2015-09-04T00:00:00.000Z",38.925343,-76.960404,"Single Family"
"2012-10-12T00:00:00.000Z",38.966019,-77.064655,"Single Family"
"2014-07-25T00:00:00.000Z",38.843454,-77.001466,"Single Family"
"2012-02-13T00:00:00.000Z",38.930503,-76.984527,"Single Family"
"2015-12-08T00:00:00.000Z",38.954458,-77.065958,"Single Family"
"2014-07-07T00:00:00.000Z",38.870108,-76.958356,"Single Family"
"2015-06-09T00:00:00.000Z",38.930514,-76.996424,"Single Family"
"2014-05-20T00:00:00.000Z",38.955043,-77.066422,"Single Family"
"2015-06-09T00:00:00.000Z",38.93059,-76.99642,"Single Family"
"2015-06-09T00:00:00.000Z",38.930636,-76.99642,"Single Family"
"2015-06-09T00:00:00.000Z",38.930678,-76.996418,"Single Family"
"2015-06-09T00:00:00.000Z",38.930724,-76.996418,"Single Family"
"2015-06-09T00:00:00.000Z",38.930767,-76.996423,"Single Family"
"2015-06-09T00:00:00.000Z",38.930833,-76.996421,"Single Family"
"2015-06-09T00:00:00.000Z",38.930879,-76.996421,"Single Family"
"2015-06-09T00:00:00.000Z",38.930921,-76.99642,"Single Family"
"2015-06-09T00:00:00.000Z",38.930966,-76.99642,"Single Family"
"2015-06-09T00:00:00.000Z",38.93101,-76.996424,"Single Family"
"2013-09-23T00:00:00.000Z",38.934411,-77.074137,"Single Family"
"2013-09-23T00:00:00.000Z",38.934468,-77.074095,"Single Family"
"2013-09-23T00:00:00.000Z",38.934523,-77.074039,"Single Family"
"2015-06-09T00:00:00.000Z",38.931105,-76.996401,"Single Family"
"2013-09-23T00:00:00.000Z",38.934581,-77.073978,"Single Family"
"2015-06-09T00:00:00.000Z",38.931147,-76.9964,"Single Family"
"2013-09-23T00:00:00.000Z",38.934635,-77.073949,"Single Family"
"2015-06-09T00:00:00.000Z",38.931192,-76.9964,"Single Family"
"2013-09-23T00:00:00.000Z",38.934702,-77.073908,"Single Family"
"2015-06-09T00:00:00.000Z",38.931236,-76.996404,"Single Family"
"2013-09-23T00:00:00.000Z",38.934756,-77.073862,"Single Family"
"2013-09-23T00:00:00.000Z",38.934822,-77.073809,"Single Family"
"2013-11-20T00:00:00.000Z",38.903763,-76.951286,"Single Family"
"2013-11-20T00:00:00.000Z",38.903728,-76.951253,"Single Family"
"2013-11-20T00:00:00.000Z",38.9037,-76.951208,"Single Family"
"2012-07-19T00:00:00.000Z",38.956499,-77.067203,"Single Family"
"2013-11-20T00:00:00.000Z",38.903662,-76.95118,"Single Family"
"2014-09-12T00:00:00.000Z",38.965072,-77.068642,"Single Family"
"2013-11-20T00:00:00.000Z",38.90354,-76.951042,"Single Family"
"2013-11-20T00:00:00.000Z",38.903506,-76.950991,"Single Family"
"2013-11-20T00:00:00.000Z",38.903473,-76.950949,"Single Family"
"2013-11-20T00:00:00.000Z",38.903441,-76.950919,"Single Family"
"2013-11-20T00:00:00.000Z",38.903403,-76.950872,"Single Family"
"2013-11-20T00:00:00.000Z",38.903372,-76.950841,"Single Family"
"2015-07-29T00:00:00.000Z",38.839856,-76.999291,"Single Family"
"2013-11-18T00:00:00.000Z",38.903335,-76.9508,"Single Family"
"2013-11-18T00:00:00.000Z",38.90329,-76.950744,"Single Family"
"2013-11-18T00:00:00.000Z",38.903252,-76.950687,"Single Family"
"2013-11-19T00:00:00.000Z",38.903222,-76.950639,"Single Family"
"2013-11-20T00:00:00.000Z",38.903174,-76.950575,"Single Family"
"2013-11-20T00:00:00.000Z",38.903126,-76.950528,"Single Family"
"2013-11-20T00:00:00.000Z",38.903092,-76.950493,"Single Family"
"2013-11-20T00:00:00.000Z",38.903068,-76.950457,"Single Family"
"2014-08-26T00:00:00.000Z",38.935584,-77.06837,"Single Family"
"2013-11-20T00:00:00.000Z",38.902788,-76.950127,"Single Family"
"2013-11-20T00:00:00.000Z",38.902752,-76.950085,"Single Family"
"2013-11-20T00:00:00.000Z",38.902722,-76.950044,"Single Family"
"2013-04-04T00:00:00.000Z",38.93601,-77.069783,"Single Family"
"2014-08-04T00:00:00.000Z",38.921705,-76.955527,"Single Family"
"2014-08-04T00:00:00.000Z",38.921765,-76.955476,"Single Family"
"2014-08-04T00:00:00.000Z",38.921805,-76.955423,"Single Family"
"2014-08-04T00:00:00.000Z",38.92186,-76.955365,"Single Family"
"2014-08-04T00:00:00.000Z",38.921907,-76.955315,"Single Family"
"2014-08-04T00:00:00.000Z",38.921952,-76.955264,"Single Family"
"2014-08-04T00:00:00.000Z",38.921999,-76.955211,"Single Family"
"2014-08-04T00:00:00.000Z",38.922042,-76.95516,"Single Family"
"2014-07-31T00:00:00.000Z",38.922087,-76.955105,"Single Family"
"2014-12-24T00:00:00.000Z",38.947696,-77.070018,"Single Family"
"2014-02-19T00:00:00.000Z",38.922277,-76.954883,"Single Family"
"2014-09-23T00:00:00.000Z",38.923216,-76.956208,"Single Family"
"2014-06-23T00:00:00.000Z",38.924006,-76.955398,"Single Family"
"2015-08-18T00:00:00.000Z",38.901162,-76.951454,"Single Family"
"2014-04-02T00:00:00.000Z",38.922513,-76.955172,"Single Family"
"2014-02-19T00:00:00.000Z",38.922321,-76.954849,"Single Family"
"2014-09-23T00:00:00.000Z",38.923264,-76.95617,"Single Family"
"2014-06-23T00:00:00.000Z",38.923976,-76.95535,"Single Family"
"2015-08-17T00:00:00.000Z",38.901135,-76.951414,"Single Family"
"2014-04-03T00:00:00.000Z",38.922554,-76.955114,"Single Family"
"2014-02-19T00:00:00.000Z",38.922366,-76.954818,"Single Family"
"2014-10-08T00:00:00.000Z",38.923312,-76.956121,"Single Family"
"2014-06-24T00:00:00.000Z",38.923946,-76.955304,"Single Family"
"2015-08-17T00:00:00.000Z",38.901104,-76.951375,"Single Family"
"2014-04-03T00:00:00.000Z",38.922594,-76.955064,"Single Family"
"2014-02-19T00:00:00.000Z",38.922403,-76.954784,"Single Family"
"2014-09-23T00:00:00.000Z",38.923351,-76.956073,"Single Family"
"2014-06-20T00:00:00.000Z",38.923923,-76.955244,"Single Family"
"2015-08-17T00:00:00.000Z",38.901068,-76.951329,"Single Family"
"2014-03-31T00:00:00.000Z",38.922631,-76.955008,"Single Family"
"2014-02-21T00:00:00.000Z",38.922436,-76.954748,"Single Family"
"2014-09-23T00:00:00.000Z",38.923394,-76.95603,"Single Family"
"2014-06-27T00:00:00.000Z",38.923901,-76.955203,"Single Family"
"2015-08-18T00:00:00.000Z",38.901025,-76.951284,"Single Family"
"2014-03-25T00:00:00.000Z",38.922669,-76.95495,"Single Family"
"2014-02-21T00:00:00.000Z",38.922466,-76.954707,"Single Family"
"2014-09-23T00:00:00.000Z",38.92344,-76.955986,"Single Family"
"2014-06-27T00:00:00.000Z",38.923874,-76.955154,"Single Family"
"2015-08-17T00:00:00.000Z",38.900989,-76.951232,"Single Family"
"2014-03-28T00:00:00.000Z",38.922709,-76.954895,"Single Family"
"2014-02-19T00:00:00.000Z",38.922507,-76.954666,"Single Family"
"2014-09-23T00:00:00.000Z",38.923483,-76.955938,"Single Family"
"2015-08-17T00:00:00.000Z",38.90096,-76.951184,"Single Family"
"2014-03-25T00:00:00.000Z",38.922744,-76.954844,"Single Family"
"2015-05-08T00:00:00.000Z",38.935166,-77.029983,"Single Family"
"2014-03-31T00:00:00.000Z",38.923827,-76.955048,"Single Family"
"2015-08-18T00:00:00.000Z",38.900926,-76.951138,"Single Family"
"2014-03-25T00:00:00.000Z",38.922786,-76.954784,"Single Family"
"2014-02-12T00:00:00.000Z",38.922556,-76.954546,"Single Family"
"2014-10-20T00:00:00.000Z",38.923554,-76.955839,"Single Family"
"2014-04-02T00:00:00.000Z",38.923806,-76.954991,"Single Family"
"2014-02-12T00:00:00.000Z",38.92258,-76.95449,"Single Family"
"2014-10-21T00:00:00.000Z",38.923596,-76.955791,"Single Family"
"2014-03-31T00:00:00.000Z",38.923786,-76.954935,"Single Family"
"2014-02-06T00:00:00.000Z",38.922844,-76.954649,"Single Family"
"2014-02-12T00:00:00.000Z",38.922597,-76.954432,"Single Family"
"2014-01-22T00:00:00.000Z",38.923283,-76.954514,"Single Family"
"2014-10-20T00:00:00.000Z",38.923639,-76.95574,"Single Family"
"2014-04-01T00:00:00.000Z",38.923769,-76.954882,"Single Family"
"2014-02-06T00:00:00.000Z",38.922867,-76.954572,"Single Family"
"2014-02-12T00:00:00.000Z",38.922622,-76.954377,"Single Family"
"2014-01-22T00:00:00.000Z",38.923292,-76.954434,"Single Family"
"2014-10-17T00:00:00.000Z",38.923682,-76.955699,"Single Family"
"2014-04-01T00:00:00.000Z",38.923746,-76.954827,"Single Family"
"2014-02-07T00:00:00.000Z",38.922885,-76.954499,"Single Family"
"2014-02-14T00:00:00.000Z",38.922644,-76.954321,"Single Family"
"2014-01-22T00:00:00.000Z",38.923298,-76.954362,"Single Family"
"2014-10-17T00:00:00.000Z",38.923716,-76.955649,"Single Family"
"2014-04-01T00:00:00.000Z",38.923727,-76.954771,"Single Family"
"2014-02-07T00:00:00.000Z",38.922906,-76.954432,"Single Family"
"2015-04-15T00:00:00.000Z",38.923456,-77.072317,"Single Family"
"2014-02-12T00:00:00.000Z",38.922663,-76.954266,"Single Family"
"2014-01-22T00:00:00.000Z",38.923307,-76.95427,"Single Family"
"2014-10-17T00:00:00.000Z",38.923761,-76.955605,"Single Family"
"2014-04-01T00:00:00.000Z",38.92371,-76.954714,"Single Family"
"2014-02-06T00:00:00.000Z",38.922925,-76.954364,"Single Family"
"2014-02-12T00:00:00.000Z",38.922686,-76.95421,"Single Family"
"2014-01-22T00:00:00.000Z",38.923313,-76.95421,"Single Family"
"2014-10-21T00:00:00.000Z",38.923801,-76.955545,"Single Family"
"2014-02-06T00:00:00.000Z",38.922951,-76.954292,"Single Family"
"2014-02-12T00:00:00.000Z",38.922712,-76.954153,"Single Family"
"2014-03-11T00:00:00.000Z",38.923669,-76.954588,"Single Family"
"2014-02-06T00:00:00.000Z",38.922974,-76.954225,"Single Family"
"2014-04-10T00:00:00.000Z",38.923584,-76.955244,"Single Family"
"2014-03-11T00:00:00.000Z",38.923652,-76.954528,"Single Family"
"2014-04-10T00:00:00.000Z",38.923558,-76.955191,"Single Family"
"2014-03-11T00:00:00.000Z",38.923635,-76.95447,"Single Family"
"2014-04-10T00:00:00.000Z",38.923524,-76.955126,"Single Family"
"2014-03-18T00:00:00.000Z",38.92362,-76.954407,"Single Family"
"2014-04-10T00:00:00.000Z",38.923484,-76.95507,"Single Family"
"2014-03-20T00:00:00.000Z",38.923608,-76.95435,"Single Family"
"2014-03-11T00:00:00.000Z",38.923597,-76.954294,"Single Family"
"2014-02-27T00:00:00.000Z",38.923409,-76.954969,"Single Family"
"2014-02-27T00:00:00.000Z",38.923369,-76.954904,"Single Family"
"2014-02-26T00:00:00.000Z",38.923332,-76.954849,"Single Family"
"2014-02-26T00:00:00.000Z",38.923296,-76.954793,"Single Family"
"2014-02-27T00:00:00.000Z",38.923245,-76.95474,"Single Family"
"2013-05-29T00:00:00.000Z",38.922727,-76.953133,"Single Family"
"2013-05-03T00:00:00.000Z",38.923331,-76.9531,"Single Family"
"2013-08-21T00:00:00.000Z",38.923525,-76.952985,"Single Family"
"2013-03-27T00:00:00.000Z",38.922989,-76.953081,"Single Family"
"2013-06-03T00:00:00.000Z",38.922715,-76.953063,"Single Family"
"2013-05-03T00:00:00.000Z",38.923325,-76.953017,"Single Family"
"2013-08-21T00:00:00.000Z",38.923512,-76.952911,"Single Family"
"2013-03-27T00:00:00.000Z",38.922979,-76.952998,"Single Family"
"2013-05-30T00:00:00.000Z",38.922703,-76.95301,"Single Family"
"2013-05-03T00:00:00.000Z",38.923308,-76.952948,"Single Family"
"2013-08-21T00:00:00.000Z",38.923506,-76.952856,"Single Family"
"2013-03-27T00:00:00.000Z",38.922963,-76.952933,"Single Family"
"2013-05-30T00:00:00.000Z",38.922694,-76.952953,"Single Family"
"2013-05-03T00:00:00.000Z",38.923291,-76.952882,"Single Family"
"2013-08-21T00:00:00.000Z",38.923496,-76.952785,"Single Family"
"2013-03-27T00:00:00.000Z",38.922952,-76.952862,"Single Family"
"2013-05-29T00:00:00.000Z",38.922685,-76.952899,"Single Family"
"2013-05-03T00:00:00.000Z",38.923278,-76.952814,"Single Family"
"2013-08-21T00:00:00.000Z",38.923483,-76.952735,"Single Family"
"2013-03-27T00:00:00.000Z",38.92294,-76.95278,"Single Family"
"2013-05-29T00:00:00.000Z",38.922673,-76.952817,"Single Family"
"2013-05-03T00:00:00.000Z",38.923269,-76.952748,"Single Family"
"2013-08-21T00:00:00.000Z",38.923471,-76.952656,"Single Family"
"2013-05-03T00:00:00.000Z",38.923263,-76.952665,"Single Family"
"2013-08-21T00:00:00.000Z",38.923452,-76.952597,"Single Family"
"2013-03-04T00:00:00.000Z",38.922921,-76.952668,"Single Family"
"2012-12-06T00:00:00.000Z",38.935458,-76.989007,"Single Family"
"2013-04-22T00:00:00.000Z",38.92266,-76.952709,"Single Family"
"2013-03-05T00:00:00.000Z",38.922904,-76.952581,"Single Family"
"2013-04-22T00:00:00.000Z",38.92265,-76.95265,"Single Family"
"2013-03-27T00:00:00.000Z",38.923241,-76.952558,"Single Family"
"2013-08-21T00:00:00.000Z",38.923436,-76.952476,"Single Family"
"2013-03-05T00:00:00.000Z",38.92289,-76.952515,"Single Family"
"2013-04-22T00:00:00.000Z",38.922639,-76.952598,"Single Family"
"2013-03-27T00:00:00.000Z",38.923226,-76.952483,"Single Family"
"2013-08-21T00:00:00.000Z",38.923423,-76.95243,"Single Family"
"2013-03-05T00:00:00.000Z",38.922887,-76.952426,"Single Family"
"2013-04-22T00:00:00.000Z",38.922634,-76.952561,"Single Family"
"2013-03-27T00:00:00.000Z",38.923218,-76.952414,"Single Family"
"2013-08-21T00:00:00.000Z",38.923417,-76.95237,"Single Family"
"2013-04-22T00:00:00.000Z",38.922627,-76.952487,"Single Family"
"2013-04-10T00:00:00.000Z",38.923207,-76.952339,"Single Family"
"2013-08-21T00:00:00.000Z",38.923407,-76.952309,"Single Family"
"2013-04-22T00:00:00.000Z",38.922617,-76.952433,"Single Family"
"2013-08-21T00:00:00.000Z",38.923396,-76.952244,"Single Family"
"2014-12-17T00:00:00.000Z",38.935578,-76.99092,"Multi Family"
"2016-01-08T00:00:00.000Z",38.922442,-76.951375,"Single Family"
"2012-06-27T00:00:00.000Z",38.923034,-76.951181,"Single Family"
"2012-08-06T00:00:00.000Z",38.923279,-76.951171,"Single Family"
"2012-05-31T00:00:00.000Z",38.92271,-76.951313,"Single Family"
"2016-01-05T00:00:00.000Z",38.922431,-76.951308,"Single Family"
"2012-06-27T00:00:00.000Z",38.923014,-76.951119,"Single Family"
"2012-08-06T00:00:00.000Z",38.923264,-76.951116,"Single Family"
"2012-05-31T00:00:00.000Z",38.922699,-76.951247,"Single Family"
"2012-06-27T00:00:00.000Z",38.923003,-76.951051,"Single Family"
"2012-08-06T00:00:00.000Z",38.923251,-76.951067,"Single Family"
"2012-05-31T00:00:00.000Z",38.922678,-76.951183,"Single Family"
"2016-01-11T00:00:00.000Z",38.922406,-76.951174,"Single Family"
"2012-06-27T00:00:00.000Z",38.922982,-76.950993,"Single Family"
"2012-08-06T00:00:00.000Z",38.923241,-76.95101,"Single Family"
"2012-05-31T00:00:00.000Z",38.922667,-76.951118,"Single Family"
"2012-06-27T00:00:00.000Z",38.922972,-76.950923,"Single Family"
"2012-08-06T00:00:00.000Z",38.923228,-76.950957,"Single Family"
"2012-05-31T00:00:00.000Z",38.922646,-76.951054,"Single Family"
"2012-08-06T00:00:00.000Z",38.923213,-76.950907,"Single Family"
"2012-06-27T00:00:00.000Z",38.922918,-76.950705,"Single Family"
"2012-08-06T00:00:00.000Z",38.9232,-76.950855,"Single Family"
"2012-02-24T00:00:00.000Z",38.92259,-76.950837,"Single Family"
"2012-06-27T00:00:00.000Z",38.922898,-76.950643,"Single Family"
"2012-08-06T00:00:00.000Z",38.923186,-76.950804,"Single Family"
"2012-02-24T00:00:00.000Z",38.922579,-76.950771,"Single Family"
"2012-06-27T00:00:00.000Z",38.922886,-76.950577,"Single Family"
"2012-02-24T00:00:00.000Z",38.922558,-76.950709,"Single Family"
"2012-06-27T00:00:00.000Z",38.922866,-76.950516,"Single Family"
"2012-09-05T00:00:00.000Z",38.923164,-76.950699,"Single Family"
"2012-02-24T00:00:00.000Z",38.922548,-76.950642,"Single Family"
"2012-06-27T00:00:00.000Z",38.922854,-76.950447,"Single Family"
"2012-09-05T00:00:00.000Z",38.923153,-76.950645,"Single Family"
"2012-02-24T00:00:00.000Z",38.922527,-76.95058,"Single Family"
"2015-03-16T00:00:00.000Z",38.9642,-77.076606,"Single Family"
"2012-09-05T00:00:00.000Z",38.92314,-76.950591,"Single Family"
"2014-05-13T00:00:00.000Z",38.964199,-77.076718,"Single Family"
"2012-09-05T00:00:00.000Z",38.923126,-76.950542,"Single Family"
"2012-09-05T00:00:00.000Z",38.923114,-76.950492,"Single Family"
"2012-09-05T00:00:00.000Z",38.923101,-76.95044,"Single Family"
"2012-09-05T00:00:00.000Z",38.923086,-76.950386,"Single Family"
"2012-09-05T00:00:00.000Z",38.923074,-76.950334,"Single Family"
"2013-08-02T00:00:00.000Z",38.929226,-77.076511,"Single Family"
"2012-05-17T00:00:00.000Z",38.9572,-77.076104,"Single Family"
"2015-10-27T00:00:00.000Z",38.940888,-77.101848,"Single Family"
"2015-09-16T00:00:00.000Z",38.941142,-77.101722,"Single Family"
"2013-09-18T00:00:00.000Z",38.895248,-76.980547,"Single Family"
"2015-04-02T00:00:00.000Z",38.884734,-76.943397,"Single Family"
"2012-05-23T00:00:00.000Z",38.89496,-76.912409,"Single Family"
"2012-05-23T00:00:00.000Z",38.89496,-76.912409,"Single Family"
"2012-05-23T00:00:00.000Z",38.89496,-76.912409,"Single Family"
"2012-05-23T00:00:00.000Z",38.89496,-76.912409,"Single Family"
"2012-05-23T00:00:00.000Z",38.89499,-76.912836,"Single Family"
"2012-05-23T00:00:00.000Z",38.89499,-76.912836,"Single Family"
"2012-05-23T00:00:00.000Z",38.89499,-76.912836,"Single Family"
"2012-05-23T00:00:00.000Z",38.89499,-76.912836,"Single Family"
"2012-05-23T00:00:00.000Z",38.89499,-76.912836,"Single Family"
"2013-12-13T00:00:00.000Z",38.894789,-76.912167,"Single Family"
"2013-07-10T00:00:00.000Z",38.913392,-77.016861,"Single Family"
"2012-04-04T00:00:00.000Z",38.895163,-76.914714,"Single Family"
"2012-11-15T00:00:00.000Z",38.950458,-77.082273,"Single Family"
"2012-04-04T00:00:00.000Z",38.895275,-76.914709,"Single Family"
"2014-10-02T00:00:00.000Z",38.941179,-76.989006,"Single Family"
"2012-04-27T00:00:00.000Z",38.942661,-77.02143,"Single Family"
"2015-01-15T00:00:00.000Z",38.895355,-76.918041,"Single Family"
"2014-09-10T00:00:00.000Z",38.898135,-76.941304,"Single Family"
"2014-09-10T00:00:00.000Z",38.898144,-76.941129,"Single Family"
"2013-10-10T00:00:00.000Z",38.941707,-77.045252,"Single Family"
"2014-03-13T00:00:00.000Z",38.893445,-76.940511,"Single Family"
"2013-12-13T00:00:00.000Z",38.894879,-76.912538,"Single Family"
"2013-03-07T00:00:00.000Z",38.8977,-76.93997,"Single Family"
"2013-03-07T00:00:00.000Z",38.897701,-76.939885,"Single Family"
"2013-07-23T00:00:00.000Z",38.827583,-77.008398,"Single Family"
"2014-09-03T00:00:00.000Z",38.827508,-77.008395,"Single Family"
"2015-07-24T00:00:00.000Z",38.827425,-77.008389,"Single Family"
"2014-05-09T00:00:00.000Z",38.94311,-77.036066,"Single Family"
"2014-09-18T00:00:00.000Z",38.827424,-77.008029,"Single Family"
"2013-10-11T00:00:00.000Z",38.931015,-77.085789,"Single Family"
"2013-05-15T00:00:00.000Z",38.918549,-77.08695,"Single Family"
"2013-04-05T00:00:00.000Z",38.902303,-76.938444,"Single Family"
"2013-12-03T00:00:00.000Z",38.925468,-77.087332,"Single Family"
"2012-10-05T00:00:00.000Z",38.932656,-77.087174,"Single Family"
"2015-11-03T00:00:00.000Z",38.894905,-76.912679,"Single Family"
"2013-08-22T00:00:00.000Z",38.932153,-77.087334,"Single Family"
"2012-01-26T00:00:00.000Z",38.9005,-76.937689,"Single Family"
"2015-05-20T00:00:00.000Z",38.931586,-77.087714,"Single Family"
"2015-11-03T00:00:00.000Z",38.894938,-76.912725,"Single Family"
"2014-01-27T00:00:00.000Z",38.914279,-77.01861,"Single Family"
"2014-06-19T00:00:00.000Z",38.917842,-77.088092,"Single Family"
"2012-03-28T00:00:00.000Z",38.907462,-77.083353,"Single Family"
"2012-03-28T00:00:00.000Z",38.907435,-77.08329,"Single Family"
"2012-03-28T00:00:00.000Z",38.90751,-77.08346,"Single Family"
"2012-03-28T00:00:00.000Z",38.907533,-77.083512,"Single Family"
"2012-03-28T00:00:00.000Z",38.90758,-77.083618,"Single Family"
"2012-03-28T00:00:00.000Z",38.907557,-77.083567,"Single Family"
"2015-11-03T00:00:00.000Z",38.894972,-76.912766,"Single Family"
"2012-03-28T00:00:00.000Z",38.907265,-77.083607,"Single Family"
"2015-11-03T00:00:00.000Z",38.895005,-76.912798,"Single Family"
"2015-11-03T00:00:00.000Z",38.895038,-76.912838,"Single Family"
"2015-02-06T00:00:00.000Z",38.914501,-77.085312,"Single Family"
"2014-10-09T00:00:00.000Z",38.896928,-76.937267,"Single Family"
"2013-05-16T00:00:00.000Z",38.914402,-77.085488,"Single Family"
"2014-05-14T00:00:00.000Z",38.945363,-77.026056,"Single Family"
"2014-05-15T00:00:00.000Z",38.945411,-77.026068,"Single Family"
"2014-02-19T00:00:00.000Z",38.897318,-76.937069,"Single Family"
"2012-11-13T00:00:00.000Z",38.906519,-77.083317,"Single Family"
"2012-11-13T00:00:00.000Z",38.906497,-77.08342,"Single Family"
"2012-10-15T00:00:00.000Z",38.906704,-77.08365,"Single Family"
"2012-04-02T00:00:00.000Z",38.907275,-77.083406,"Single Family"
"2012-10-15T00:00:00.000Z",38.90678,-77.083704,"Single Family"
"2012-04-02T00:00:00.000Z",38.907302,-77.083469,"Single Family"
"2012-10-15T00:00:00.000Z",38.906849,-77.083753,"Single Family"
"2012-04-02T00:00:00.000Z",38.907327,-77.083524,"Single Family"
"2012-10-15T00:00:00.000Z",38.906928,-77.083809,"Single Family"
"2012-04-02T00:00:00.000Z",38.907351,-77.083579,"Single Family"
"2012-10-15T00:00:00.000Z",38.907015,-77.083872,"Single Family"
"2012-04-02T00:00:00.000Z",38.907379,-77.083642,"Single Family"
"2012-10-15T00:00:00.000Z",38.907094,-77.083928,"Single Family"
"2012-04-02T00:00:00.000Z",38.90741,-77.083713,"Single Family"
"2012-10-15T00:00:00.000Z",38.907164,-77.083977,"Single Family"
"2012-04-02T00:00:00.000Z",38.907438,-77.083776,"Single Family"
"2012-10-15T00:00:00.000Z",38.907233,-77.084027,"Single Family"
"2012-04-02T00:00:00.000Z",38.907466,-77.083839,"Single Family"
"2012-10-15T00:00:00.000Z",38.907309,-77.08408,"Single Family"
"2014-10-09T00:00:00.000Z",38.88677,-76.936967,"Single Family"
"2015-03-24T00:00:00.000Z",38.898124,-76.936455,"Single Family"
"2015-01-29T00:00:00.000Z",38.898125,-76.936368,"Single Family"
"2015-12-24T00:00:00.000Z",38.890054,-76.936485,"Single Family"
"2015-09-23T00:00:00.000Z",38.907828,-77.087902,"Single Family"
"2015-11-13T00:00:00.000Z",38.893902,-76.933338,"Single Family"
"2013-07-29T00:00:00.000Z",38.916548,-77.094354,"Single Family"
"2013-09-13T00:00:00.000Z",38.915554,-77.09575,"Single Family"
"2014-02-06T00:00:00.000Z",38.916809,-77.094612,"Single Family"
"2014-04-17T00:00:00.000Z",38.915308,-77.095563,"Single Family"
"2015-10-27T00:00:00.000Z",38.934272,-77.094056,"Single Family"
"2013-04-19T00:00:00.000Z",38.915281,-77.096042,"Single Family"
"2015-05-29T00:00:00.000Z",38.952663,-77.065012,"Single Family"
"2012-08-28T00:00:00.000Z",38.953057,-77.095175,"Single Family"
"2016-01-15T00:00:00.000Z",38.915212,-77.097348,"Single Family"
"2012-11-09T00:00:00.000Z",38.917502,-77.098556,"Single Family"
"2012-06-21T00:00:00.000Z",38.909309,-76.93211,"Single Family"
"2015-03-24T00:00:00.000Z",38.920031,-77.097342,"Single Family"
"2014-03-18T00:00:00.000Z",38.954099,-77.092349,"Single Family"
"2014-11-05T00:00:00.000Z",38.897187,-76.930561,"Single Family"
"2014-08-15T00:00:00.000Z",38.926618,-77.09969,"Single Family"
"2012-04-03T00:00:00.000Z",38.928912,-76.999274,"Single Family"
"2013-09-13T00:00:00.000Z",38.951391,-77.029966,"Single Family"
"2012-04-20T00:00:00.000Z",38.928734,-76.999162,"Single Family"
"2012-04-03T00:00:00.000Z",38.928956,-76.999307,"Single Family"
"2014-12-04T00:00:00.000Z",38.88669,-76.929209,"Single Family"
"2014-04-15T00:00:00.000Z",38.883365,-76.930495,"Single Family"
"2014-12-04T00:00:00.000Z",38.886685,-76.929146,"Single Family"
"2015-10-09T00:00:00.000Z",38.883318,-76.930324,"Single Family"
"2012-04-20T00:00:00.000Z",38.928689,-76.99914,"Single Family"
"2014-12-04T00:00:00.000Z",38.886676,-76.929072,"Single Family"
"2014-10-10T00:00:00.000Z",38.883307,-76.930202,"Single Family"
"2014-12-04T00:00:00.000Z",38.886669,-76.929006,"Single Family"
"2015-10-09T00:00:00.000Z",38.883289,-76.930088,"Single Family"
"2014-09-17T00:00:00.000Z",38.883271,-76.92994,"Single Family"
"2014-05-20T00:00:00.000Z",38.886304,-76.928987,"Single Family"
"2012-04-03T00:00:00.000Z",38.928999,-76.999327,"Single Family"
"2013-04-15T00:00:00.000Z",38.886601,-76.928774,"Single Family"
"2013-12-19T00:00:00.000Z",38.923361,-77.102203,"Single Family"
"2014-06-20T00:00:00.000Z",38.884558,-76.928945,"Single Family"
"2012-04-20T00:00:00.000Z",38.928642,-76.99911,"Single Family"
"2014-05-27T00:00:00.000Z",38.883544,-76.92889,"Single Family"
"2012-06-21T00:00:00.000Z",38.88654,-76.928204,"Single Family"
"2012-04-04T00:00:00.000Z",38.929038,-76.999347,"Single Family"
"2015-07-08T00:00:00.000Z",38.924378,-77.101313,"Single Family"
"2012-04-20T00:00:00.000Z",38.928598,-76.99909,"Single Family"
"2012-04-04T00:00:00.000Z",38.929082,-76.999374,"Single Family"
"2013-10-29T00:00:00.000Z",38.911296,-77.019312,"Single Family"
"2012-04-20T00:00:00.000Z",38.928555,-76.999065,"Single Family"
"2012-04-04T00:00:00.000Z",38.929124,-76.999395,"Single Family"
"2012-01-13T00:00:00.000Z",38.884459,-76.928365,"Single Family"
"2014-10-09T00:00:00.000Z",38.884794,-76.928124,"Single Family"
"2012-03-29T00:00:00.000Z",38.928793,-76.998986,"Single Family"
"2012-12-07T00:00:00.000Z",38.883421,-76.928157,"Single Family"
"2013-07-17T00:00:00.000Z",38.881348,-76.928323,"Single Family"
"2014-06-30T00:00:00.000Z",38.881334,-76.928218,"Single Family"
"2013-08-15T00:00:00.000Z",38.884078,-76.927872,"Single Family"
"2012-04-04T00:00:00.000Z",38.929155,-76.999414,"Single Family"
"2012-05-30T00:00:00.000Z",38.885016,-76.927613,"Single Family"
"2012-05-30T00:00:00.000Z",38.88501,-76.927556,"Single Family"
"2013-08-29T00:00:00.000Z",38.882358,-76.92795,"Single Family"
"2013-11-18T00:00:00.000Z",38.883378,-76.92791,"Single Family"
"2012-05-30T00:00:00.000Z",38.885003,-76.927503,"Single Family"
"2013-08-29T00:00:00.000Z",38.882345,-76.927834,"Single Family"
"2013-11-18T00:00:00.000Z",38.883372,-76.927838,"Single Family"
"2013-08-29T00:00:00.000Z",38.882681,-76.927899,"Single Family"
"2013-11-18T00:00:00.000Z",38.883358,-76.927736,"Single Family"
"2013-11-18T00:00:00.000Z",38.883354,-76.927693,"Single Family"
"2012-03-29T00:00:00.000Z",38.92875,-76.998959,"Single Family"
"2013-11-18T00:00:00.000Z",38.883338,-76.927599,"Single Family"
"2013-11-18T00:00:00.000Z",38.883333,-76.927553,"Single Family"
"2015-09-14T00:00:00.000Z",38.93004,-77.104621,"Single Family"
"2014-12-16T00:00:00.000Z",38.93854,-77.102875,"Single Family"
"2012-04-06T00:00:00.000Z",38.927815,-77.021308,"Single Family"
"2012-03-14T00:00:00.000Z",38.928987,-76.999079,"Single Family"
"2012-03-29T00:00:00.000Z",38.928705,-76.998939,"Single Family"
"2012-03-14T00:00:00.000Z",38.929031,-76.999103,"Single Family"
"2012-03-29T00:00:00.000Z",38.928661,-76.998919,"Single Family"
"2012-04-06T00:00:00.000Z",38.927808,-77.021389,"Single Family"
"2012-03-14T00:00:00.000Z",38.929075,-76.999135,"Single Family"
"2012-03-29T00:00:00.000Z",38.928617,-76.998891,"Single Family"
"2012-03-14T00:00:00.000Z",38.929119,-76.99916,"Single Family"
"2013-08-22T00:00:00.000Z",38.884703,-76.927192,"Single Family"
"2013-08-22T00:00:00.000Z",38.884698,-76.927137,"Single Family"
"2015-03-19T00:00:00.000Z",38.883304,-76.927493,"Single Family"
"2015-03-19T00:00:00.000Z",38.883297,-76.927434,"Single Family"
"2013-02-08T00:00:00.000Z",38.885983,-76.926594,"Single Family"
"2015-03-19T00:00:00.000Z",38.883307,-76.927367,"Single Family"
"2015-03-19T00:00:00.000Z",38.883278,-76.927302,"Single Family"
"2012-03-05T00:00:00.000Z",38.885626,-76.926538,"Single Family"
"2013-08-23T00:00:00.000Z",38.882168,-76.926864,"Single Family"
"2015-03-19T00:00:00.000Z",38.883269,-76.927243,"Single Family"
"2015-03-19T00:00:00.000Z",38.883265,-76.92718,"Single Family"
"2012-03-14T00:00:00.000Z",38.929158,-76.99918,"Single Family"
"2012-10-03T00:00:00.000Z",38.926416,-77.104845,"Single Family"
"2013-06-20T00:00:00.000Z",38.894479,-76.925707,"Single Family"
"2014-06-26T00:00:00.000Z",38.894442,-76.925612,"Single Family"
"2014-09-22T00:00:00.000Z",38.901926,-76.923339,"Single Family"
"2012-02-21T00:00:00.000Z",38.935031,-77.109371,"Single Family"
"2012-01-19T00:00:00.000Z",38.935,-77.109638,"Single Family"
"2012-07-11T00:00:00.000Z",38.935441,-77.109738,"Single Family"
"2012-03-14T00:00:00.000Z",38.929227,-76.999224,"Single Family"
"2012-06-27T00:00:00.000Z",38.882165,-76.926543,"Single Family"
"2013-02-26T00:00:00.000Z",38.883174,-76.926226,"Single Family"
"2012-02-27T00:00:00.000Z",38.881776,-76.926468,"Single Family"
"2013-07-15T00:00:00.000Z",38.88483,-76.925819,"Single Family"
"2013-02-26T00:00:00.000Z",38.883157,-76.926158,"Single Family"
"2013-02-26T00:00:00.000Z",38.88316,-76.926083,"Single Family"
"2013-04-03T00:00:00.000Z",38.926855,-77.106821,"Single Family"
"2014-07-31T00:00:00.000Z",38.901074,-76.924253,"Single Family"
"2013-02-26T00:00:00.000Z",38.883154,-76.926014,"Single Family"
"2013-06-12T00:00:00.000Z",38.886147,-76.925333,"Single Family"
"2014-02-21T00:00:00.000Z",38.885423,-76.925303,"Single Family"
"2013-05-09T00:00:00.000Z",38.885167,-76.925457,"Single Family"
"2014-06-16T00:00:00.000Z",38.886133,-76.92517,"Single Family"
"2014-02-21T00:00:00.000Z",38.885415,-76.925229,"Single Family"
"2013-12-03T00:00:00.000Z",38.885151,-76.925319,"Single Family"
"2014-02-21T00:00:00.000Z",38.885407,-76.925159,"Single Family"
"2014-02-21T00:00:00.000Z",38.885399,-76.925093,"Single Family"
"2012-07-31T00:00:00.000Z",38.883064,-76.925637,"Single Family"
"2013-01-31T00:00:00.000Z",38.882639,-76.925019,"Single Family"
"2015-09-23T00:00:00.000Z",38.899224,-76.922577,"Single Family"
"2013-08-05T00:00:00.000Z",38.884239,-76.923764,"Single Family"
"2013-07-26T00:00:00.000Z",38.881801,-76.923992,"Single Family"
"2014-05-21T00:00:00.000Z",38.955869,-76.999911,"Single Family"
"2015-07-17T00:00:00.000Z",38.956169,-77.000195,"Single Family"
"2015-07-17T00:00:00.000Z",38.95624,-77.000266,"Single Family"
"2012-06-21T00:00:00.000Z",38.963848,-77.066615,"Single Family"
"2013-08-14T00:00:00.000Z",38.95643,-77.000452,"Single Family"
"2013-08-14T00:00:00.000Z",38.956558,-77.000521,"Single Family"
"2013-01-04T00:00:00.000Z",38.883894,-76.921282,"Single Family"
"2013-12-03T00:00:00.000Z",38.898963,-76.919229,"Single Family"
"2013-12-03T00:00:00.000Z",38.898897,-76.919154,"Single Family"
"2013-12-03T00:00:00.000Z",38.898836,-76.919073,"Single Family"
"2013-03-29T00:00:00.000Z",38.893846,-76.920368,"Single Family"
"2013-03-29T00:00:00.000Z",38.893817,-76.920274,"Single Family"
"2013-03-29T00:00:00.000Z",38.893794,-76.92015,"Single Family"
"2015-05-29T00:00:00.000Z",38.931133,-77.111099,"Single Family"
"2015-07-13T00:00:00.000Z",38.958786,-77.036775,"Single Family"
"2012-10-05T00:00:00.000Z",38.966458,-77.068975,"Single Family"
"2012-01-09T00:00:00.000Z",38.896634,-76.930068,"Single Family"
"2012-02-09T00:00:00.000Z",38.934148,-77.112831,"Single Family"
"2012-01-09T00:00:00.000Z",38.896676,-76.930068,"Single Family"
"2014-05-20T00:00:00.000Z",38.89775,-76.91651,"Single Family"
"2015-06-10T00:00:00.000Z",38.935337,-77.111729,"Single Family"
"2015-01-20T00:00:00.000Z",38.962287,-77.007076,"Single Family"
"2013-03-22T00:00:00.000Z",38.963342,-77.006042,"Single Family"
"2013-06-28T00:00:00.000Z",38.963359,-77.005719,"Single Family"
"2013-03-22T00:00:00.000Z",38.963394,-77.00604,"Single Family"
"2013-04-25T00:00:00.000Z",38.963006,-77.004859,"Single Family"
"2013-06-28T00:00:00.000Z",38.963412,-77.005713,"Single Family"
"2013-03-22T00:00:00.000Z",38.963454,-77.006044,"Single Family"
"2013-04-25T00:00:00.000Z",38.963091,-77.0048,"Single Family"
"2013-06-28T00:00:00.000Z",38.963464,-77.005709,"Single Family"
"2013-03-22T00:00:00.000Z",38.9635,-77.006044,"Single Family"
"2013-05-16T00:00:00.000Z",38.963226,-77.004718,"Single Family"
"2013-06-28T00:00:00.000Z",38.963519,-77.005719,"Single Family"
"2013-05-16T00:00:00.000Z",38.963334,-77.00465,"Single Family"
"2015-06-09T00:00:00.000Z",38.931251,-76.996955,"Single Family"
"2013-05-16T00:00:00.000Z",38.963435,-77.004572,"Single Family"
"2013-05-16T00:00:00.000Z",38.963524,-77.004506,"Single Family"
"2013-01-30T00:00:00.000Z",38.963596,-77.0044,"Single Family"
"2015-06-09T00:00:00.000Z",38.93125,-76.996885,"Single Family"
"2015-06-09T00:00:00.000Z",38.931248,-76.996824,"Single Family"
"2015-06-09T00:00:00.000Z",38.931243,-76.996752,"Single Family"
"2015-06-09T00:00:00.000Z",38.931244,-76.996694,"Single Family"
"2014-04-08T00:00:00.000Z",38.963913,-77.004206,"Single Family"
"2014-03-31T00:00:00.000Z",38.963852,-77.004457,"Single Family"
"2014-04-08T00:00:00.000Z",38.964019,-77.004118,"Single Family"
"2014-03-31T00:00:00.000Z",38.96391,-77.004446,"Single Family"
"2015-05-15T00:00:00.000Z",38.970138,-77.059926,"Single Family"
"2014-07-07T00:00:00.000Z",38.964117,-77.004051,"Single Family"
"2014-03-31T00:00:00.000Z",38.963961,-77.004437,"Single Family"
"2014-03-31T00:00:00.000Z",38.964014,-77.004435,"Single Family"
"2015-07-07T00:00:00.000Z",38.964115,-77.002297,"Single Family"
"2014-03-31T00:00:00.000Z",38.964065,-77.004433,"Single Family"
"2015-06-05T00:00:00.000Z",38.931246,-76.996635,"Single Family"
"2014-04-08T00:00:00.000Z",38.964131,-77.00442,"Single Family"
"2014-04-08T00:00:00.000Z",38.964187,-77.004409,"Single Family"
"2014-04-08T00:00:00.000Z",38.964239,-77.004404,"Single Family"
"2014-03-31T00:00:00.000Z",38.964297,-77.004818,"Single Family"
"2014-04-08T00:00:00.000Z",38.964279,-77.004408,"Single Family"
"2014-03-31T00:00:00.000Z",38.964355,-77.004824,"Single Family"
"2014-04-08T00:00:00.000Z",38.964334,-77.004414,"Single Family"
"2014-03-31T00:00:00.000Z",38.964399,-77.004837,"Single Family"
"2014-03-31T00:00:00.000Z",38.964453,-77.00485,"Single Family"
"2014-03-31T00:00:00.000Z",38.964501,-77.004861,"Single Family"
"2013-09-09T00:00:00.000Z",38.964195,-77.005987,"Single Family"
"2014-02-11T00:00:00.000Z",38.964835,-77.003499,"Single Family"
"2013-09-09T00:00:00.000Z",38.964351,-77.005812,"Single Family"
"2014-02-11T00:00:00.000Z",38.964948,-77.003415,"Single Family"
"2013-09-09T00:00:00.000Z",38.964478,-77.005754,"Single Family"
"2014-02-11T00:00:00.000Z",38.965073,-77.003336,"Single Family"
"2013-09-09T00:00:00.000Z",38.964616,-77.005581,"Single Family"
"2013-09-09T00:00:00.000Z",38.964784,-77.005365,"Single Family"
"2014-02-05T00:00:00.000Z",38.897855,-76.918878,"Single Family"
"2015-08-18T00:00:00.000Z",38.900426,-76.951833,"Single Family"
"2015-08-17T00:00:00.000Z",38.900479,-76.951766,"Single Family"
"2015-08-17T00:00:00.000Z",38.900522,-76.951701,"Single Family"
"2015-08-17T00:00:00.000Z",38.900564,-76.95163,"Single Family"
"2015-08-18T00:00:00.000Z",38.900613,-76.951567,"Single Family"
"2015-08-18T00:00:00.000Z",38.900675,-76.951483,"Single Family"
"2015-08-17T00:00:00.000Z",38.900716,-76.951435,"Single Family"
"2015-08-17T00:00:00.000Z",38.900753,-76.951395,"Single Family"
"2015-08-17T00:00:00.000Z",38.900788,-76.951354,"Single Family"
"2015-08-18T00:00:00.000Z",38.900816,-76.951319,"Single Family"
"2015-08-18T00:00:00.000Z",38.900325,-76.951964,"Single Family"
"2015-08-18T00:00:00.000Z",38.900844,-76.951285,"Single Family"
"2015-08-17T00:00:00.000Z",38.900359,-76.952005,"Single Family"
"2015-08-17T00:00:00.000Z",38.90039,-76.952041,"Single Family"
"2015-06-09T00:00:00.000Z",38.931282,-76.997206,"Single Family"
"2015-08-18T00:00:00.000Z",38.900415,-76.952082,"Single Family"
"2015-06-05T00:00:00.000Z",38.931232,-76.997182,"Single Family"
"2015-08-17T00:00:00.000Z",38.900452,-76.952123,"Single Family"
"2015-06-05T00:00:00.000Z",38.931191,-76.997162,"Single Family"
"2015-08-17T00:00:00.000Z",38.90048,-76.952162,"Single Family"
"2015-06-05T00:00:00.000Z",38.931169,-76.997139,"Single Family"
"2015-08-17T00:00:00.000Z",38.900512,-76.952199,"Single Family"
"2015-06-09T00:00:00.000Z",38.93112,-76.997114,"Single Family"
"2015-08-18T00:00:00.000Z",38.900545,-76.952246,"Single Family"
"2015-08-18T00:00:00.000Z",38.900681,-76.952035,"Single Family"
"2015-06-05T00:00:00.000Z",38.931074,-76.997093,"Single Family"
"2015-08-18T00:00:00.000Z",38.900648,-76.951982,"Single Family"
"2015-06-05T00:00:00.000Z",38.93105,-76.997069,"Single Family"
"2015-08-18T00:00:00.000Z",38.900611,-76.951928,"Single Family"
"2015-06-09T00:00:00.000Z",38.931,-76.997045,"Single Family"
"2015-08-18T00:00:00.000Z",38.900564,-76.951866,"Single Family"
"2015-06-09T00:00:00.000Z",38.930959,-76.997025,"Single Family"
"2015-08-18T00:00:00.000Z",38.90071,-76.95171,"Single Family"
"2015-06-09T00:00:00.000Z",38.930931,-76.997007,"Single Family"
"2015-08-17T00:00:00.000Z",38.900766,-76.951637,"Single Family"
"2015-06-09T00:00:00.000Z",38.930888,-76.996977,"Single Family"
"2015-08-18T00:00:00.000Z",38.900825,-76.951556,"Single Family"
"2015-06-09T00:00:00.000Z",38.930842,-76.996956,"Single Family"
"2015-08-18T00:00:00.000Z",38.900872,-76.951467,"Single Family"
"2015-06-09T00:00:00.000Z",38.930812,-76.996937,"Single Family"
"2015-08-18T00:00:00.000Z",38.900941,-76.951403,"Single Family"
"2015-06-09T00:00:00.000Z",38.930766,-76.996916,"Single Family"
"2015-08-18T00:00:00.000Z",38.900979,-76.951464,"Single Family"
"2015-06-05T00:00:00.000Z",38.930742,-76.996892,"Single Family"
"2015-08-18T00:00:00.000Z",38.901016,-76.951517,"Single Family"
"2015-06-09T00:00:00.000Z",38.930693,-76.996868,"Single Family"
"2015-08-18T00:00:00.000Z",38.901054,-76.951577,"Single Family"
"2015-06-05T00:00:00.000Z",38.930652,-76.996848,"Single Family"
"2014-11-20T00:00:00.000Z",38.973353,-77.01494,"Single Family"
"2015-06-05T00:00:00.000Z",38.930623,-76.99683,"Single Family"
"2015-06-05T00:00:00.000Z",38.93058,-76.9968,"Single Family"
"2015-06-09T00:00:00.000Z",38.930545,-76.996782,"Single Family"
"2013-06-19T00:00:00.000Z",38.901515,-76.950944,"Single Family"
"2012-10-09T00:00:00.000Z",38.901343,-76.950718,"Single Family"
"2013-06-19T00:00:00.000Z",38.901557,-76.950896,"Single Family"
"2012-10-09T00:00:00.000Z",38.901381,-76.950675,"Single Family"
"2013-06-19T00:00:00.000Z",38.901592,-76.950853,"Single Family"
"2015-05-07T00:00:00.000Z",38.880708,-76.98343,"Single Family"
"2012-10-09T00:00:00.000Z",38.901418,-76.950631,"Single Family"
"2013-06-19T00:00:00.000Z",38.90163,-76.950811,"Single Family"
"2012-10-09T00:00:00.000Z",38.90145,-76.950586,"Single Family"
"2013-06-19T00:00:00.000Z",38.901664,-76.950756,"Single Family"
"2014-12-10T00:00:00.000Z",38.898723,-76.922106,"Single Family"
"2013-06-19T00:00:00.000Z",38.901495,-76.950521,"Single Family"
"2013-06-19T00:00:00.000Z",38.901696,-76.950714,"Single Family"
"2013-11-15T00:00:00.000Z",38.976759,-77.019864,"Single Family"
"2013-06-19T00:00:00.000Z",38.901536,-76.950469,"Single Family"
"2013-06-19T00:00:00.000Z",38.90172,-76.950666,"Single Family"
"2013-06-19T00:00:00.000Z",38.901563,-76.950407,"Single Family"
"2013-06-19T00:00:00.000Z",38.90178,-76.950606,"Single Family"
"2013-06-19T00:00:00.000Z",38.901597,-76.950366,"Single Family"
"2013-06-19T00:00:00.000Z",38.901822,-76.950556,"Single Family"
"2013-06-19T00:00:00.000Z",38.901635,-76.950325,"Single Family"
"2013-06-19T00:00:00.000Z",38.901858,-76.950516,"Single Family"
"2013-06-19T00:00:00.000Z",38.901673,-76.950285,"Single Family"
"2012-05-04T00:00:00.000Z",38.955065,-77.023339,"Single Family"
"2013-06-19T00:00:00.000Z",38.901898,-76.950474,"Single Family"
"2013-06-19T00:00:00.000Z",38.901714,-76.95025,"Single Family"
"2013-06-19T00:00:00.000Z",38.901921,-76.95042,"Single Family"
"2013-06-19T00:00:00.000Z",38.901755,-76.950206,"Single Family"
"2014-07-23T00:00:00.000Z",38.979808,-77.035913,"Single Family"
"2013-06-19T00:00:00.000Z",38.901895,-76.949994,"Single Family"
"2013-06-19T00:00:00.000Z",38.902071,-76.950225,"Single Family"
"2013-06-19T00:00:00.000Z",38.901932,-76.949961,"Single Family"
"2013-06-19T00:00:00.000Z",38.902096,-76.950177,"Single Family"
"2013-06-19T00:00:00.000Z",38.901974,-76.949909,"Single Family"
"2013-06-19T00:00:00.000Z",38.902138,-76.950135,"Single Family"
"2013-06-19T00:00:00.000Z",38.90202,-76.949862,"Single Family"
"2013-06-19T00:00:00.000Z",38.902175,-76.950088,"Single Family"
"2013-06-19T00:00:00.000Z",38.902061,-76.949812,"Single Family"
"2013-06-19T00:00:00.000Z",38.902211,-76.950045,"Single Family"
"2013-06-19T00:00:00.000Z",38.902098,-76.949765,"Single Family"
"2013-06-19T00:00:00.000Z",38.902243,-76.950001,"Single Family"
"2013-06-19T00:00:00.000Z",38.902284,-76.949954,"Single Family"
"2013-11-07T00:00:00.000Z",38.899932,-76.936348,"Single Family"
"2014-03-12T00:00:00.000Z",38.89968,-76.921217,"Single Family"
"2014-03-12T00:00:00.000Z",38.899739,-76.92113,"Single Family"
"2014-11-03T00:00:00.000Z",38.886187,-76.994025,"Single Family"
"2014-02-05T00:00:00.000Z",38.900927,-76.934012,"Single Family"
"2014-01-28T00:00:00.000Z",38.907067,-77.024337,"Single Family"
"2012-03-21T00:00:00.000Z",38.923851,-77.024576,"Multi Family"
"2012-07-10T00:00:00.000Z",38.913884,-77.02445,"Single Family"
"2012-07-10T00:00:00.000Z",38.913884,-77.024518,"Single Family"
"2013-02-01T00:00:00.000Z",38.962872,-77.00645,"Single Family"
"2013-03-22T00:00:00.000Z",38.963144,-77.006153,"Single Family"
"2012-11-26T00:00:00.000Z",38.962875,-77.006251,"Single Family"
"2013-03-22T00:00:00.000Z",38.963144,-77.00609,"Single Family"
"2012-11-26T00:00:00.000Z",38.962878,-77.006063,"Single Family"
"2013-03-22T00:00:00.000Z",38.963144,-77.006019,"Single Family"
"2013-07-26T00:00:00.000Z",38.858241,-76.992952,"Multi Family"
"2013-07-26T00:00:00.000Z",38.858053,-76.993045,"Multi Family"
"2013-07-26T00:00:00.000Z",38.857552,-76.993143,"Multi Family"
"2013-07-26T00:00:00.000Z",38.857019,-76.993225,"Multi Family"
"2013-07-26T00:00:00.000Z",38.856661,-76.992929,"Multi Family"
"2013-07-26T00:00:00.000Z",38.85644,-76.993213,"Multi Family"
"2013-07-26T00:00:00.000Z",38.856113,-76.992843,"Multi Family"
"2013-07-26T00:00:00.000Z",38.855912,-76.993134,"Multi Family"
"2014-12-17T00:00:00.000Z",38.935578,-76.99092,"Multi Family"
"2012-03-21T00:00:00.000Z",38.923851,-77.024576,"Multi-Two Unit"
"2012-07-23T00:00:00.000Z",38.908728,-77.018719,"Multi-Two Unit"
"2012-05-01T00:00:00.000Z",38.90152,-77.000991,"Multi Family"
"2012-05-14T00:00:00.000Z",38.90981,-77.0226,"Multi Family"
"2012-09-14T00:00:00.000Z",38.878555,-76.985278,"Multi-Two Unit"
"2012-06-15T00:00:00.000Z",38.923063,-77.039093,"Multi Family"
"2012-01-03T00:00:00.000Z",38.914591,-77.001739,"Multi-Two Unit"
"2012-01-04T00:00:00.000Z",38.914526,-77.001745,"Multi-Two Unit"
"2012-10-24T00:00:00.000Z",38.914275,-77.018759,"Multi-Two Unit"
"2012-08-17T00:00:00.000Z",38.93851,-77.02563,"Multi Family"
"2012-02-21T00:00:00.000Z",38.903987,-77.001795,"Multi Family"
"2012-12-12T00:00:00.000Z",38.905844,-77.008461,"Multi Family"
"2012-11-27T00:00:00.000Z",38.910356,-77.022189,"Multi Family"
"2012-06-25T00:00:00.000Z",38.898108,-76.985801,"Multi-Two Unit"
"2012-06-25T00:00:00.000Z",38.898158,-76.985799,"Multi-Two Unit"
"2012-11-13T00:00:00.000Z",38.975124,-77.015375,"Multi Family"
"2012-09-17T00:00:00.000Z",38.875744,-77.000242,"Multi Family"
"2012-08-07T00:00:00.000Z",38.928868,-77.031137,"Multi Family"
"2012-09-17T00:00:00.000Z",38.897783,-76.984406,"Multi-Two Unit"
"2012-01-13T00:00:00.000Z",38.877473,-77.01632,"Multi Family"
"2012-03-30T00:00:00.000Z",38.877408,-77.018729,"Multi Family"
"2012-11-30T00:00:00.000Z",38.909418,-77.013886,"Multi-Two Unit"
"2012-11-02T00:00:00.000Z",38.918347,-77.026783,"Multi Family"
"2012-11-13T00:00:00.000Z",38.90832,-77.019665,"Multi-Two Unit"
"2012-11-13T00:00:00.000Z",38.908289,-77.019669,"Multi-Two Unit"
"2012-10-22T00:00:00.000Z",38.902812,-77.011545,"Multi Family"
"2012-10-19T00:00:00.000Z",38.887769,-76.978545,"Multi-Two Unit"
"2012-12-28T00:00:00.000Z",38.927813,-77.021346,"Multi-Two Unit"
"2012-10-16T00:00:00.000Z",38.902281,-77.017458,"Multi Family"
"2012-11-08T00:00:00.000Z",38.906785,-76.985326,"Multi Family"
"2012-03-29T00:00:00.000Z",38.875744,-77.000242,"Multi Family"
"2012-06-13T00:00:00.000Z",38.900408,-77.011151,"Multi Family"
"2012-09-14T00:00:00.000Z",38.87856,-76.985148,"Multi-Two Unit"
"2012-09-14T00:00:00.000Z",38.878557,-76.985214,"Multi-Two Unit"
"2012-07-13T00:00:00.000Z",38.895924,-76.948935,"Multi Family"
"2012-12-11T00:00:00.000Z",38.934952,-77.072917,"Multi Family"
"2012-11-30T00:00:00.000Z",38.893744,-76.911893,"Multi Family"
"2012-05-16T00:00:00.000Z",38.908803,-77.003748,"Multi Family"
"2012-05-07T00:00:00.000Z",38.925056,-77.043477,"Multi-Two Unit"
"2012-12-12T00:00:00.000Z",38.975231,-77.015656,"Multi Family"
"2012-01-06T00:00:00.000Z",38.899855,-76.998239,"Multi-Two Unit"
"2012-09-10T00:00:00.000Z",38.921533,-77.041483,"Multi Family"
"2012-11-01T00:00:00.000Z",38.90042,-76.947463,"Multi Family"
"2012-12-11T00:00:00.000Z",38.934344,-77.072997,"Multi Family"
"2012-03-19T00:00:00.000Z",38.901942,-77.001836,"Multi-Two Unit"
"2012-02-22T00:00:00.000Z",38.900927,-76.98649,"Multi Family"
"2012-09-20T00:00:00.000Z",38.928503,-77.0344,"Multi Family"
"2012-01-20T00:00:00.000Z",38.915848,-77.026351,"Multi-Two Unit"
"2012-01-20T00:00:00.000Z",38.91579,-77.026376,"Multi-Two Unit"
"2012-03-13T00:00:00.000Z",38.889493,-76.979854,"Multi Family"
"2012-08-08T00:00:00.000Z",38.916316,-77.032225,"Multi Family"
"2012-12-19T00:00:00.000Z",38.879608,-77.004874,"Multi Family"
"2012-12-19T00:00:00.000Z",38.905829,-77.025638,"Multi-Two Unit"
"2012-12-19T00:00:00.000Z",38.905826,-77.0257,"Multi-Two Unit"
"2012-11-14T00:00:00.000Z",38.909397,-77.026784,"Multi Family"
"2012-07-30T00:00:00.000Z",38.907027,-77.025284,"Multi-Two Unit"
"2012-09-14T00:00:00.000Z",38.916009,-77.031632,"Multi Family"
"2012-10-01T00:00:00.000Z",38.933704,-77.033846,"Multi-Two Unit"
"2012-05-18T00:00:00.000Z",38.92817,-76.995926,"Multi-Two Unit"
"2013-03-28T00:00:00.000Z",38.904608,-76.999241,"Multi-Two Unit"
"2013-11-20T00:00:00.000Z",38.903801,-76.951328,"Multi-Two Unit"
"2013-08-01T00:00:00.000Z",38.913203,-77.002671,"Multi-Two Unit"
"2013-08-01T00:00:00.000Z",38.913202,-77.00273,"Multi-Two Unit"
"2013-08-01T00:00:00.000Z",38.913202,-77.002781,"Multi-Two Unit"
"2013-04-22T00:00:00.000Z",38.913139,-77.016762,"Multi-Two Unit"
"2013-08-01T00:00:00.000Z",38.913204,-77.002606,"Multi-Two Unit"
"2013-09-13T00:00:00.000Z",38.877264,-76.997286,"Multi Family"
"2013-06-19T00:00:00.000Z",38.902322,-76.9496,"Multi-Two Unit"
"2013-10-30T00:00:00.000Z",38.906936,-77.02419,"Multi Family"
"2013-05-20T00:00:00.000Z",38.898119,-76.931342,"Multi Family"
"2013-09-30T00:00:00.000Z",38.831617,-77.00832,"Multi Family"
"2013-07-26T00:00:00.000Z",38.855743,-76.992266,"Multi Family"
"2013-07-26T00:00:00.000Z",38.855716,-76.991937,"Multi Family"
"2013-10-03T00:00:00.000Z",38.908272,-77.032255,"Multi Family"
"2013-06-19T00:00:00.000Z",38.902289,-76.94956,"Multi-Two Unit"
"2013-07-11T00:00:00.000Z",38.919897,-77.031593,"Multi Family"
"2013-10-22T00:00:00.000Z",38.916539,-77.023213,"Multi Family"
"2013-01-22T00:00:00.000Z",38.918767,-77.049249,"Multi Family"
"2013-10-31T00:00:00.000Z",38.921554,-76.99331,"Multi Family"
"2013-12-03T00:00:00.000Z",38.918667,-77.002234,"Multi-Two Unit"
"2013-12-03T00:00:00.000Z",38.918714,-77.002234,"Multi-Two Unit"
"2013-12-03T00:00:00.000Z",38.918871,-77.00223,"Multi-Two Unit"
"2013-12-03T00:00:00.000Z",38.918936,-77.002231,"Multi-Two Unit"
"2013-10-09T00:00:00.000Z",38.883907,-76.983869,"Multi Family"
"2013-03-28T00:00:00.000Z",38.904558,-76.999241,"Multi-Two Unit"
"2013-05-28T00:00:00.000Z",38.960585,-77.072666,"Multi Family"
"2013-06-19T00:00:00.000Z",38.902374,-76.949663,"Multi-Two Unit"
"2013-06-19T00:00:00.000Z",38.902413,-76.949713,"Multi-Two Unit"
"2013-06-19T00:00:00.000Z",38.902468,-76.949775,"Multi-Two Unit"
"2013-10-31T00:00:00.000Z",38.918811,-77.002236,"Multi-Two Unit"
"2013-10-31T00:00:00.000Z",38.918766,-77.002232,"Multi-Two Unit"
"2013-10-31T00:00:00.000Z",38.918617,-77.002231,"Multi-Two Unit"
"2013-10-31T00:00:00.000Z",38.918567,-77.002232,"Multi-Two Unit"
"2013-07-26T00:00:00.000Z",38.85718,-76.992875,"Multi Family"
"2013-11-21T00:00:00.000Z",38.878979,-76.988096,"Multi-Two Unit"
"2013-02-21T00:00:00.000Z",38.902275,-77.017966,"Multi Family"
"2013-03-29T00:00:00.000Z",38.900652,-77.000366,"Multi-Two Unit"
"2013-11-20T00:00:00.000Z",38.903604,-76.951094,"Multi Family"
"2013-10-09T00:00:00.000Z",38.899203,-77.003212,"Multi Family"
"2013-06-25T00:00:00.000Z",38.898284,-76.987103,"Multi-Two Unit"
"2013-08-06T00:00:00.000Z",38.904595,-76.975839,"Multi-Two Unit"
"2013-04-05T00:00:00.000Z",38.93023,-77.023146,"Multi Family"
"2013-06-14T00:00:00.000Z",38.881061,-76.98996,"Multi Family"
"2013-08-29T00:00:00.000Z",38.89462,-76.993257,"Multi-Two Unit"
"2013-10-08T00:00:00.000Z",38.899463,-76.985894,"Multi Family"
"2013-08-19T00:00:00.000Z",38.903873,-77.063817,"Multi Family"
"2013-03-18T00:00:00.000Z",38.908715,-77.011929,"Multi Family"
"2013-05-20T00:00:00.000Z",38.932342,-77.026524,"Multi-Two Unit"
"2013-07-26T00:00:00.000Z",38.916083,-77.0499,"Multi Family"
"2013-05-17T00:00:00.000Z",38.932384,-77.026526,"Multi-Two Unit"
"2013-05-17T00:00:00.000Z",38.9323,-77.026513,"Multi-Two Unit"
"2013-09-09T00:00:00.000Z",38.903932,-77.016604,"Multi Family"
"2013-06-18T00:00:00.000Z",38.906381,-77.026212,"Multi-Two Unit"
"2013-06-18T00:00:00.000Z",38.906431,-77.026214,"Multi-Two Unit"
"2013-05-20T00:00:00.000Z",38.901929,-76.989635,"Multi Family"
"2013-05-20T00:00:00.000Z",38.899951,-76.990875,"Multi Family"
"2013-06-19T00:00:00.000Z",38.902261,-76.949507,"Multi-Two Unit"
"2013-06-19T00:00:00.000Z",38.902355,-76.949637,"Multi-Two Unit"
"2013-07-03T00:00:00.000Z",38.878175,-77.006134,"Multi Family"
"2013-07-02T00:00:00.000Z",38.915277,-77.015526,"Multi Family"
"2013-06-17T00:00:00.000Z",38.923783,-77.032874,"Multi Family"
"2013-05-30T00:00:00.000Z",38.957662,-77.00245,"Multi Family"
"2013-03-12T00:00:00.000Z",38.873708,-76.974787,"Multi Family"
"2013-10-22T00:00:00.000Z",38.916291,-77.022714,"Multi Family"
"2013-03-28T00:00:00.000Z",38.90115,-77.001366,"Multi-Two Unit"
"2013-11-01T00:00:00.000Z",38.939881,-77.05293,"Multi Family"
"2013-12-13T00:00:00.000Z",38.895297,-76.980538,"Multi-Two Unit"
"2013-04-25T00:00:00.000Z",38.901021,-76.995251,"Multi-Two Unit"
"2013-07-16T00:00:00.000Z",38.912815,-77.018442,"Multi Family"
"2013-07-30T00:00:00.000Z",38.906656,-77.015968,"Multi Family"
"2013-12-13T00:00:00.000Z",38.89535,-76.980534,"Multi-Two Unit"
"2013-12-16T00:00:00.000Z",38.8954,-76.980534,"Multi-Two Unit"
"2013-12-13T00:00:00.000Z",38.895448,-76.980538,"Multi-Two Unit"
"2013-12-13T00:00:00.000Z",38.895499,-76.980532,"Multi-Two Unit"
"2013-12-16T00:00:00.000Z",38.895544,-76.980528,"Multi-Two Unit"
"2013-12-13T00:00:00.000Z",38.895595,-76.980531,"Multi-Two Unit"
"2013-12-13T00:00:00.000Z",38.895642,-76.980526,"Multi-Two Unit"
"2013-05-29T00:00:00.000Z",38.913173,-77.00229,"Multi Family"
"2013-05-29T00:00:00.000Z",38.913201,-77.00229,"Multi Family"
"2013-04-04T00:00:00.000Z",38.898375,-76.981733,"Multi-Two Unit"
"2013-11-20T00:00:00.000Z",38.903025,-76.950408,"Multi Family"
"2013-11-20T00:00:00.000Z",38.902842,-76.950182,"Multi Family"
"2013-11-20T00:00:00.000Z",38.902671,-76.949985,"Multi Family"
"2013-06-04T00:00:00.000Z",38.927742,-77.023375,"Multi Family"
"2013-07-26T00:00:00.000Z",38.857703,-76.992797,"Multi Family"
"2013-05-15T00:00:00.000Z",38.90758,-77.02321,"Multi Family"
"2014-01-17T00:00:00.000Z",38.929053,-77.025778,"Multi-Two Unit"
"2014-07-16T00:00:00.000Z",38.976315,-77.019135,"Multi Family"
"2014-03-06T00:00:00.000Z",38.924593,-77.042326,"Multi Family"
"2014-03-21T00:00:00.000Z",38.906713,-77.0156,"Multi Family"
"2014-02-05T00:00:00.000Z",38.937412,-77.032439,"Multi Family"
"2014-08-12T00:00:00.000Z",38.927688,-77.023745,"Multi-Two Unit"
"2014-10-16T00:00:00.000Z",38.901837,-76.989935,"Multi Family"
"2014-11-03T00:00:00.000Z",38.911738,-77.031684,"Multi Family"
"2014-04-04T00:00:00.000Z",38.921315,-77.032704,"Multi Family"
"2014-03-13T00:00:00.000Z",38.893467,-76.940599,"Multi-Two Unit"
"2014-07-01T00:00:00.000Z",38.923471,-77.043148,"Multi Family"
"2014-07-10T00:00:00.000Z",38.953191,-76.998015,"Multi Family"
"2014-08-12T00:00:00.000Z",38.877001,-77.004795,"Multi Family"
"2014-10-16T00:00:00.000Z",38.899944,-76.997388,"Multi Family"
"2014-01-14T00:00:00.000Z",38.881899,-76.924773,"Multi-Two Unit"
"2014-01-28T00:00:00.000Z",38.918661,-77.070533,"Multi Family"
"2014-10-03T00:00:00.000Z",38.885854,-76.946241,"Multi-Two Unit"
"2014-10-03T00:00:00.000Z",38.885911,-76.946289,"Multi-Two Unit"
"2014-01-17T00:00:00.000Z",38.95674,-77.070445,"Multi Family"
"2014-01-17T00:00:00.000Z",38.956591,-77.07039,"Multi Family"
"2014-02-28T00:00:00.000Z",38.918526,-77.023075,"Multi Family"
"2014-04-21T00:00:00.000Z",38.900041,-77.001787,"Multi Family"
"2014-08-22T00:00:00.000Z",38.872718,-76.969606,"Multi Family"
"2014-04-02T00:00:00.000Z",38.933735,-77.024182,"Multi Family"
"2014-11-18T00:00:00.000Z",38.909908,-77.023777,"Multi Family"
"2014-08-05T00:00:00.000Z",38.879138,-76.981879,"Multi Family"
"2014-07-24T00:00:00.000Z",38.9245,-77.039381,"Multi Family"
"2014-12-23T00:00:00.000Z",38.876061,-77.020264,"Multi Family"
"2014-01-07T00:00:00.000Z",38.946951,-77.064589,"Multi Family"
"2014-07-16T00:00:00.000Z",38.976281,-77.019093,"Multi Family"
"2014-07-16T00:00:00.000Z",38.90905,-77.08599,"Multi Family"
"2014-07-16T00:00:00.000Z",38.90663,-77.016711,"Multi-Two Unit"
"2014-05-09T00:00:00.000Z",38.906955,-77.025183,"Multi Family"
"2014-04-01T00:00:00.000Z",38.857552,-76.993143,"Multi Family"
"2014-09-03T00:00:00.000Z",38.911358,-77.018735,"Multi Family"
"2014-10-01T00:00:00.000Z",38.858566,-76.993134,"Multi Family"
"2014-10-01T00:00:00.000Z",38.858879,-76.993182,"Multi Family"
"2014-05-08T00:00:00.000Z",38.926697,-76.997826,"Multi-Two Unit"
"2014-05-08T00:00:00.000Z",38.926699,-76.997769,"Multi-Two Unit"
"2014-05-08T00:00:00.000Z",38.926698,-76.997697,"Multi-Two Unit"
"2014-05-08T00:00:00.000Z",38.926699,-76.997631,"Multi-Two Unit"
"2014-02-07T00:00:00.000Z",38.917534,-77.023088,"Multi Family"
"2014-05-09T00:00:00.000Z",38.910637,-77.019132,"Multi Family"
"2014-02-11T00:00:00.000Z",38.904522,-77.007226,"Multi Family"
"2014-07-25T00:00:00.000Z",38.902981,-77.008728,"Multi Family"
"2014-08-15T00:00:00.000Z",38.899877,-77.04785,"Multi Family"
"2014-09-24T00:00:00.000Z",38.910796,-77.027452,"Multi Family"
"2014-05-23T00:00:00.000Z",38.888855,-76.981163,"Multi-Two Unit"
"2014-05-19T00:00:00.000Z",38.83115,-76.999949,"Multi Family"
"2014-12-01T00:00:00.000Z",38.880995,-76.987903,"Multi Family"
"2014-06-12T00:00:00.000Z",38.903911,-76.993488,"Multi-Two Unit"
"2014-06-12T00:00:00.000Z",38.904013,-76.993509,"Multi-Two Unit"
"2014-09-17T00:00:00.000Z",38.880223,-77.005062,"Multi Family"
"2014-10-27T00:00:00.000Z",38.925151,-76.990686,"Multi Family"
"2014-08-15T00:00:00.000Z",38.914253,-77.022466,"Multi-Two Unit"
"2014-08-14T00:00:00.000Z",38.87429,-77.000773,"Multi Family"
"2014-10-31T00:00:00.000Z",38.920756,-77.000143,"Multi Family"
"2014-06-06T00:00:00.000Z",38.974276,-77.026519,"Multi Family"
"2014-10-29T00:00:00.000Z",38.905789,-77.026632,"Multi Family"
"2014-10-06T00:00:00.000Z",38.934029,-77.031964,"Multi-Two Unit"
"2014-09-24T00:00:00.000Z",38.898609,-76.976723,"Multi Family"
"2014-09-03T00:00:00.000Z",38.913754,-77.018469,"Multi-Two Unit"
"2015-07-13T00:00:00.000Z",38.901566,-77.017981,"Multi Family"
"2015-07-28T00:00:00.000Z",38.884808,-76.995793,"Multi Family"
"2015-06-05T00:00:00.000Z",38.929695,-76.99053,"Multi-Two Unit"
"2015-06-05T00:00:00.000Z",38.929701,-76.990416,"Multi-Two Unit"
"2015-06-05T00:00:00.000Z",38.930089,-76.990635,"Multi-Two Unit"
"2015-06-05T00:00:00.000Z",38.930034,-76.990625,"Multi-Two Unit"
"2015-06-05T00:00:00.000Z",38.929988,-76.99062,"Multi-Two Unit"
"2015-06-05T00:00:00.000Z",38.929878,-76.99062,"Multi-Two Unit"
"2015-07-07T00:00:00.000Z",38.943744,-77.026293,"Multi Family"
"2015-06-05T00:00:00.000Z",38.929931,-76.990622,"Multi-Two Unit"
"2015-06-05T00:00:00.000Z",38.929835,-76.990617,"Multi-Two Unit"
"2015-06-05T00:00:00.000Z",38.929724,-76.99061,"Multi-Two Unit"
"2015-06-05T00:00:00.000Z",38.929774,-76.990608,"Multi-Two Unit"
"2015-05-20T00:00:00.000Z",38.931894,-76.996938,"Multi Family"
"2015-05-07T00:00:00.000Z",38.934392,-77.02375,"Multi Family"
"2015-05-18T00:00:00.000Z",38.891377,-76.938414,"Multi-Two Unit"
"2015-03-06T00:00:00.000Z",38.930543,-76.993658,"Multi-Two Unit"
"2015-03-06T00:00:00.000Z",38.93059,-76.993662,"Multi-Two Unit"
"2015-03-06T00:00:00.000Z",38.930641,-76.993672,"Multi-Two Unit"
"2015-03-06T00:00:00.000Z",38.930699,-76.993675,"Multi-Two Unit"
"2015-03-06T00:00:00.000Z",38.93075,-76.993681,"Multi-Two Unit"
"2015-03-06T00:00:00.000Z",38.930815,-76.993692,"Multi-Two Unit"
"2015-03-06T00:00:00.000Z",38.930852,-76.993694,"Multi-Two Unit"
"2015-03-06T00:00:00.000Z",38.930894,-76.993701,"Multi-Two Unit"
"2015-02-24T00:00:00.000Z",38.907783,-77.029137,"Multi Family"
"2015-05-12T00:00:00.000Z",38.906325,-77.014286,"Multi-Two Unit"
"2015-03-17T00:00:00.000Z",38.9319,-77.026422,"Multi-Two Unit"
"2015-03-17T00:00:00.000Z",38.931959,-77.026439,"Multi-Two Unit"
"2015-03-17T00:00:00.000Z",38.93201,-77.026448,"Multi-Two Unit"
"2015-03-17T00:00:00.000Z",38.93206,-77.026452,"Multi-Two Unit"
"2015-03-17T00:00:00.000Z",38.932111,-77.026466,"Multi-Two Unit"
"2015-03-12T00:00:00.000Z",38.926704,-76.982652,"Multi Family"
"2015-01-21T00:00:00.000Z",38.906565,-77.018687,"Multi-Two Unit"
"2015-02-12T00:00:00.000Z",38.920367,-77.000782,"Multi Family"
"2015-03-17T00:00:00.000Z",38.932157,-77.026476,"Multi-Two Unit"
"2015-05-13T00:00:00.000Z",38.886148,-76.995519,"Multi Family"
"2015-05-21T00:00:00.000Z",38.878379,-77.018147,"Multi Family"
"2015-01-20T00:00:00.000Z",38.900413,-76.993438,"Multi Family"
"2015-04-22T00:00:00.000Z",38.903286,-77.015903,"Multi Family"
"2015-05-21T00:00:00.000Z",38.973553,-77.015522,"Multi Family"
"2015-05-21T00:00:00.000Z",38.973465,-77.014874,"Multi Family"
"2015-05-28T00:00:00.000Z",38.931973,-77.026154,"Multi-Two Unit"
"2015-05-28T00:00:00.000Z",38.931957,-77.026215,"Multi-Two Unit"
"2015-06-02T00:00:00.000Z",38.926393,-77.077804,"Multi Family"
"2015-06-01T00:00:00.000Z",38.926397,-77.07801,"Multi Family"
"2015-05-08T00:00:00.000Z",38.943569,-77.018515,"Multi-Two Unit"
"2015-05-20T00:00:00.000Z",38.897963,-76.977676,"Multi-Two Unit"
"2015-02-24T00:00:00.000Z",38.912814,-77.022091,"Multi Family"
"2015-04-28T00:00:00.000Z",38.906628,-76.985176,"Multi Family"
"2015-03-25T00:00:00.000Z",38.875153,-77.006155,"Multi Family"
"2015-02-05T00:00:00.000Z",38.898529,-76.950609,"Multi Family"
"2015-04-21T00:00:00.000Z",38.879881,-76.983282,"Multi Family"
"2015-07-09T00:00:00.000Z",38.909189,-77.015431,"Multi-Two Unit"
"2015-07-23T00:00:00.000Z",38.928027,-77.035722,"Multi Family"
"2015-07-10T00:00:00.000Z",38.868596,-76.966982,"Multi-Two Unit"
"2015-07-10T00:00:00.000Z",38.868643,-76.966983,"Multi-Two Unit"
"2015-07-10T00:00:00.000Z",38.868691,-76.966983,"Multi-Two Unit"
"2015-07-10T00:00:00.000Z",38.868746,-76.966982,"Multi-Two Unit"
"2015-07-10T00:00:00.000Z",38.868799,-76.966983,"Multi-Two Unit"
"2015-07-10T00:00:00.000Z",38.868908,-76.966979,"Multi-Two Unit"
"2015-06-18T00:00:00.000Z",38.901471,-76.985778,"Multi-Two Unit"
"2015-06-17T00:00:00.000Z",38.921492,-77.041111,"Multi Family"
"2015-06-22T00:00:00.000Z",38.865751,-76.990925,"Multi Family"
"2015-10-08T00:00:00.000Z",38.879002,-77.007727,"Multi Family"
"2015-09-14T00:00:00.000Z",38.91443,-77.016936,"Multi-Two Unit"
"2015-11-18T00:00:00.000Z",38.859531,-76.991957,"Multi Family"
"2015-09-02T00:00:00.000Z",38.879507,-77.00562,"Multi Family"
"2015-09-04T00:00:00.000Z",38.932725,-77.043484,"Multi Family"
"2015-11-05T00:00:00.000Z",38.898793,-76.976913,"Multi Family"
"2015-06-12T00:00:00.000Z",38.905723,-77.049829,"Multi Family"
"2015-08-11T00:00:00.000Z",38.90554,-76.988903,"Multi-Two Unit"
"2015-06-12T00:00:00.000Z",38.904135,-77.0512,"Multi Family"
"2015-06-25T00:00:00.000Z",38.925006,-76.999018,"Multi-Two Unit"
"2015-06-25T00:00:00.000Z",38.924975,-76.998952,"Multi-Two Unit"
"2015-08-19T00:00:00.000Z",38.839837,-76.989505,"Multi Family"
"2015-08-26T00:00:00.000Z",38.901772,-77.003305,"Multi Family"
"2015-06-11T00:00:00.000Z",38.903207,-76.990136,"Multi Family"
"2015-06-11T00:00:00.000Z",38.900397,-76.998145,"Multi Family"
"2015-09-29T00:00:00.000Z",38.912025,-77.005541,"Multi-Two Unit"
"2015-09-29T00:00:00.000Z",38.909955,-77.020147,"Multi-Two Unit"
"2015-09-29T00:00:00.000Z",38.905916,-77.02505,"Multi-Two Unit"
"2015-12-11T00:00:00.000Z",38.932012,-77.026032,"Multi Family"
"2015-10-05T00:00:00.000Z",38.943285,-77.026189,"Multi Family"
"2015-12-01T00:00:00.000Z",38.909781,-77.01597,"Multi-Two Unit"
"2015-12-01T00:00:00.000Z",38.90984,-77.015963,"Multi-Two Unit"
"2015-12-29T00:00:00.000Z",38.941635,-77.023577,"Multi Family"
"2015-12-10T00:00:00.000Z",38.903946,-76.999027,"Multi-Two Unit"
"2015-12-10T00:00:00.000Z",38.903948,-76.998969,"Multi-Two Unit"
"2015-12-10T00:00:00.000Z",38.903947,-76.9989,"Multi-Two Unit"
"2015-11-24T00:00:00.000Z",38.910534,-77.007219,"Multi Family"
"2015-11-09T00:00:00.000Z",38.958584,-77.028544,"Multi Family"
"2015-09-24T00:00:00.000Z",38.905406,-76.988621,"Multi-Two Unit"
"2015-09-24T00:00:00.000Z",38.905354,-76.98865,"Multi Family"
"2015-09-24T00:00:00.000Z",38.905448,-76.988579,"Multi Family"
"2015-12-31T00:00:00.000Z",38.93835,-77.024347,"Multi Family"
"2015-10-26T00:00:00.000Z",38.901633,-76.98703,"Multi Family"
"2015-10-01T00:00:00.000Z",38.951238,-77.093406,"Multi Family"
"2015-10-01T00:00:00.000Z",38.915387,-77.028326,"Multi-Two Unit"
"2015-09-17T00:00:00.000Z",38.898101,-76.999259,"Multi-Two Unit"
"2015-09-17T00:00:00.000Z",38.918369,-77.040085,"Multi Family"
"2015-09-08T00:00:00.000Z",38.912892,-76.987045,"Multi-Two Unit"
"2015-09-08T00:00:00.000Z",38.912839,-76.987211,"Multi-Two Unit"
"2015-09-08T00:00:00.000Z",38.912787,-76.987217,"Multi-Two Unit"
"2015-10-27T00:00:00.000Z",38.904235,-77.051197,"Multi Family"
"2015-09-08T00:00:00.000Z",38.912733,-76.987209,"Multi-Two Unit"
"2015-09-08T00:00:00.000Z",38.912664,-76.98721,"Multi-Two Unit"
"2015-10-02T00:00:00.000Z",38.894082,-76.946139,"Multi Family"
"2015-10-02T00:00:00.000Z",38.916778,-77.030172,"Multi Family"
"2016-01-07T00:00:00.000Z",38.905969,-76.988055,"Multi-Two Unit"
"2016-01-15T00:00:00.000Z",38.851536,-76.987313,"Multi Family"
"2013-08-14T00:00:00.000Z",38.930808,-76.9916439,"Single Family"
"2013-02-22T00:00:00.000Z",38.930461,-76.987078,"Single Family"
"2014-05-19T00:00:00.000Z",38.9871173,-77.0405915,"Single Family"
"2012-06-29T00:00:00.000Z",38.918558,-77.087858,"Single Family"
"2012-10-11T00:00:00.000Z",38.917838,-77.086644,"Single Family"
"2013-03-15T00:00:00.000Z",38.917734,-77.086427,"Single Family"
"2012-02-21T00:00:00.000Z",38.917497,-77.087132,"Single Family"
"2015-07-23T00:00:00.000Z",38.9176534,-77.0860564,"Single Family"
"2013-05-03T00:00:00.000Z",38.9178987,-77.0860031,"Single Family"
"2013-07-30T00:00:00.000Z",38.917433,-77.085395,"Single Family"
"2013-06-28T00:00:00.000Z",38.917966,-77.086248,"Single Family"
"2013-12-13T00:00:00.000Z",38.9181219,-77.086448,"Single Family"
"2012-03-02T00:00:00.000Z",38.9181344,-77.0860332,"Single Family"
"2014-06-04T00:00:00.000Z",38.92081,-77.0377334,"Single Family"
"2014-03-28T00:00:00.000Z",38.9071923,-77.0368707,"Single Family"
"2012-04-12T00:00:00.000Z",38.922677,-76.9519113,"Single Family"
"2012-04-12T00:00:00.000Z",38.922677,-76.9519113,"Single Family"
"2012-04-12T00:00:00.000Z",38.922677,-76.9519113,"Single Family"
"2012-04-12T00:00:00.000Z",38.922677,-76.9519113,"Single Family"
"2012-04-12T00:00:00.000Z",38.922677,-76.9519113,"Single Family"
"2012-04-12T00:00:00.000Z",38.922677,-76.9519113,"Single Family"
"2012-04-11T00:00:00.000Z",38.922677,-76.9519113,"Single Family"
"2012-04-11T00:00:00.000Z",38.922677,-76.9519113,"Single Family"
"2012-04-11T00:00:00.000Z",38.922677,-76.9519113,"Single Family"
"2014-06-06T00:00:00.000Z",38.9268877,-76.9720476,"Single Family"
"2014-09-02T00:00:00.000Z",38.926898,-76.971777,"Single Family"
"2012-07-20T00:00:00.000Z",38.9287812,-76.9977792,"Single Family"
"2012-05-10T00:00:00.000Z",38.9288768,-76.9978123,"Single Family"
"2012-05-10T00:00:00.000Z",38.9288982,-76.9978249,"Single Family"
"2012-05-10T00:00:00.000Z",38.9289036,-76.997828,"Single Family"
"2013-11-20T00:00:00.000Z",38.90114,-76.949231,"Single Family"
"2013-11-20T00:00:00.000Z",38.90114,-76.949231,"Single Family"
"2013-11-20T00:00:00.000Z",38.90114,-76.949231,"Single Family"
"2013-11-20T00:00:00.000Z",38.90114,-76.949231,"Single Family"
"2013-11-20T00:00:00.000Z",38.90114,-76.949231,"Single Family"
"2013-11-20T00:00:00.000Z",38.90114,-76.949231,"Single Family"
"2013-11-20T00:00:00.000Z",38.90114,-76.949231,"Single Family"
"2013-11-20T00:00:00.000Z",38.90114,-76.949231,"Single Family"
"2013-11-20T00:00:00.000Z",38.90114,-76.949231,"Single Family"
"2013-11-20T00:00:00.000Z",38.90114,-76.949231,"Single Family"
"2013-11-20T00:00:00.000Z",38.90114,-76.949231,"Single Family"
"2013-11-20T00:00:00.000Z",38.90114,-76.949231,"Single Family"
"2013-11-20T00:00:00.000Z",38.90114,-76.949231,"Single Family"
"2014-12-17T00:00:00.000Z",38.93969,-77.069733,"Single Family"
"2014-11-20T00:00:00.000Z",38.9399503,-77.0700819,"Single Family"
"2013-08-26T00:00:00.000Z",38.917306,-77.087437,"Single Family"
"2012-06-29T00:00:00.000Z",38.936879,-77.094256,"Single Family"
"2014-11-20T00:00:00.000Z",38.934937,-77.09667,"Single Family"
"2012-01-09T00:00:00.000Z",38.8962946,-76.9303439,"Single Family"
"2012-01-09T00:00:00.000Z",38.8962946,-76.9303283,"Single Family"
"2012-01-09T00:00:00.000Z",38.8962946,-76.9303127,"Single Family"
"2012-01-09T00:00:00.000Z",38.8962946,-76.930297,"Single Family"
"2012-01-09T00:00:00.000Z",38.8962946,-76.9302814,"Single Family"
"2012-01-09T00:00:00.000Z",38.8962942,-76.9302652,"Single Family"
"2013-09-23T00:00:00.000Z",38.93405,-77.100966,"Single Family"
"2012-03-14T00:00:00.000Z",38.9293728,-76.9975085,"Single Family"
"2012-04-25T00:00:00.000Z",38.8825078,-76.9254636,"Single Family"
"2012-04-25T00:00:00.000Z",38.8825077,-76.925463,"Single Family"
"2013-10-10T00:00:00.000Z",38.9295038,-77.1044753,"Single Family"
"2014-05-09T00:00:00.000Z",38.9308785,-77.106087,"Single Family"
"2012-05-18T00:00:00.000Z",38.922677,-76.9519113,"Multi-Two Unit"
"2012-05-18T00:00:00.000Z",38.922677,-76.9519113,"Multi-Two Unit"
"2012-05-18T00:00:00.000Z",38.922677,-76.9519113,"Multi-Two Unit"
"2012-05-18T00:00:00.000Z",38.922677,-76.9519113,"Multi-Two Unit"
"2012-05-18T00:00:00.000Z",38.922677,-76.9519113,"Multi-Two Unit"
"2012-01-20T00:00:00.000Z",38.922677,-76.9519113,"Multi-Two Unit"
"2012-01-20T00:00:00.000Z",38.922677,-76.9519113,"Multi-Two Unit"
"2012-01-20T00:00:00.000Z",38.922677,-76.9519113,"Multi-Two Unit"
"2012-01-20T00:00:00.000Z",38.922677,-76.9519113,"Multi-Two Unit"
"2012-01-20T00:00:00.000Z",38.922677,-76.9519113,"Multi-Two Unit"
"2012-05-18T00:00:00.000Z",38.922648,-76.9517076,"Multi-Two Unit"
"2013-07-26T00:00:00.000Z",38.8580883,-76.9914271,"Multi Family"
"2013-11-20T00:00:00.000Z",38.90114,-76.949231,"Multi Family"
"2013-11-20T00:00:00.000Z",38.90114,-76.949231,"Multi Family"
"2013-07-26T00:00:00.000Z",38.8580883,-76.9914271,"Multi Family"
"2013-11-20T00:00:00.000Z",38.90114,-76.949231,"Multi Family"
"2013-07-26T00:00:00.000Z",38.8580883,-76.9914271,"Multi Family"
"2015-07-10T00:00:00.000Z",38.868744,-76.967023,"Multi-Two Unit"
"2015-11-25T00:00:00.000Z",38.8786179,-77.0228774,"Multi Family"
"2015-11-13T00:00:00.000Z",38.8779126,-77.0219502,"Multi Family"
